{
    "any_group_can_deploy": true,
    "auto_historical_resources": false,
    "blueprint_image": "/static/uploads/blueprints/AWS_ROUTE_53_DNS_RECORD_NEW_LOGO_tuXScx6.png",
    "deployment_items": [
        {
            "action_name": "Create Route 53 DNS Record",
            "continue_on_failure": false,
            "deploy_seq": 1,
            "description": "",
            "enabled": true,
            "execute_in_parallel": false,
            "id": "BDI-hqp4ii4w",
            "name": "Create Route 53 DNS Record",
            "parameter_defaults": [
                {
                    "label": "Record Type",
                    "name": "record_type_a200",
                    "value": "A"
                }
            ],
            "run_on_scale_up": true,
            "show_on_order_form": false,
            "tier_type": "plugin"
        }
    ],
    "description": "Create, delete and synchronise AWS Route 53 DNS Records",
    "discovery_plugin": {
        "href": "/api/v3/cmp/actions/OHK-zbq7xbrq/",
        "title": "Sync AWS Route 53 DNS Records"
    },
    "favorited": false,
    "icon": "AWS_ROUTE_53_DNS_RECORD_NEW_LOGO_tuXScx6.png",
    "id": "BP-xfurbb34",
    "is_orderable": true,
    "labels": [],
    "last_updated": "2023-10-20",
    "management_actions": [],
    "maximum_version_required": "",
    "minimum_version_required": "8.6",
    "name": "AWS Route 53 DNS Record",
    "resource_name_template": null,
    "resource_type": {
        "icon": "",
        "id": "RT-zx7kvbuo",
        "label": "Route 53 DNS",
        "lifecycle": "ACTIVE",
        "list_view_columns": [],
        "name": "route_53_dns",
        "plural_label": null
    },
    "sequence": 0,
    "show_recipient_field_on_order_form": false,
    "teardown_items": [
        {
            "action_name": "Teardown Route 53 DNS Record",
            "continue_on_failure": false,
            "deploy_seq": 2,
            "description": "",
            "enabled": true,
            "execute_in_parallel": false,
            "id": "BDI-16pcexih",
            "name": "Teardown Route 53 DNS Record",
            "run_on_scale_up": true,
            "show_on_order_form": false,
            "tier_type": "teardown_plugin"
        }
    ]
}