{
    "action_input_default_values": [],
    "allow_parallel_jobs": false,
    "base_action_name": "Download Azure rate card",
    "create_date": "2021-12-31 08:18:50.490739",
    "description": "Download the latest rate card from Azure for all Azure ARM Resource Handlers.",
    "enabled": true,
    "icon": "azure.jpeg",
    "id": "RJB-q2rh13xi",
    "last_run": null,
    "last_updated": "2022-01-20",
    "name": "Download Azure rate card",
    "schedule": "15 1 * * *",
    "type": "orchestration_hook"
}