{
    "any_group_can_deploy": true,
    "auto_historical_resources": false,
    "blueprint_image": "/static/uploads/blueprints/azure_rg_s9e2dpR.png",
    "deployment_items": [
        {
            "action_name": "Azure LZ Create",
            "continue_on_failure": false,
            "deploy_seq": 1,
            "description": "",
            "execute_in_parallel": false,
            "id": "BDI-jn2a2j75",
            "name": "Azure LZ",
            "parameter_defaults": [
                {
                    "label": "Env Id",
                    "name": "env_id_a184",
                    "value": "26"
                }
            ],
            "run_on_scale_up": true,
            "show_on_order_form": true,
            "tier_type": "plugin"
        }
    ],
    "description": "Creates an Azure rg + vnet + subnet",
    "discovery_plugin": {
        "href": "/api/v3/cmp/actions/OHK-dftfktve/",
        "title": "Azure VNET Discovery"
    },
    "favorited": false,
    "icon": "azure_rg_s9e2dpR.png",
    "id": "BP-8vb2nxdm",
    "is_orderable": true,
    "labels": [
        {
            "color": null,
            "id": "TAG-s7tn0t3i",
            "image": null,
            "name": "Azure",
            "parent": {
                "color": null,
                "id": "TAG-1es0jds6",
                "image": null,
                "name": "Technology Type",
                "sequence": 0
            },
            "sequence": 0
        }
    ],
    "last_updated": "2023-05-11",
    "management_actions": [],
    "maximum_version_required": "",
    "minimum_version_required": "8.6",
    "name": "Azure LZ",
    "resource_name_template": "",
    "resource_type": {
        "icon": "",
        "id": "RT-tlznfh97",
        "label": "Service",
        "lifecycle": "ACTIVE",
        "list_view_columns": [],
        "name": "service",
        "plural_label": null
    },
    "sequence": 0,
    "show_recipient_field_on_order_form": false,
    "teardown_items": [
        {
            "action_name": "Azure LZ Delete",
            "continue_on_failure": false,
            "deploy_seq": 2,
            "description": "",
            "execute_in_parallel": false,
            "id": "BDI-3lldj60v",
            "name": "Azure LZ Delete",
            "run_on_scale_up": true,
            "show_on_order_form": true,
            "tier_type": "teardown_plugin"
        }
    ]
}