{
    "any_group_can_deploy": true,
    "auto_historical_resources": false,
    "blueprint_image": "/static/uploads/blueprints/asure-sql_10xnIKb_2A9EsoL_tYVaczR_VLMzcVo_DyekfWu_m4CJU6j_HxA3p3L.png",
    "deployment_items": [
        {
            "action_name": "Create Azure SQL Database",
            "continue_on_failure": false,
            "deploy_seq": 1,
            "description": "",
            "execute_in_parallel": false,
            "id": "BDI-gmjyxcdb",
            "name": "Create Azure SQL",
            "run_on_scale_up": true,
            "show_on_order_form": true,
            "tier_type": "plugin"
        }
    ],
    "description": "Deploys Azure SQL Database",
    "favorited": false,
    "icon": "asure-sql_10xnIKb_2A9EsoL_tYVaczR_VLMzcVo_DyekfWu_m4CJU6j_HxA3p3L.png",
    "id": "BP-sls6zebf",
    "is_orderable": true,
    "labels": [
        {
            "color": null,
            "id": "TAG-s7tn0t3i",
            "image": null,
            "name": "Azure",
            "parent": {
                "color": null,
                "id": "TAG-1es0jds6",
                "image": null,
                "name": "Technology Type",
                "sequence": 0
            },
            "sequence": 0
        },
        {
            "color": null,
            "id": "TAG-neqgy5g5",
            "image": null,
            "name": "Azure SQL",
            "parent": {
                "color": null,
                "id": "TAG-fpdjl8eu",
                "image": null,
                "name": "Databases",
                "parent": {
                    "color": null,
                    "id": "TAG-d7rehwzt",
                    "image": null,
                    "name": "Public Cloud Services",
                    "sequence": 0
                },
                "sequence": 0
            },
            "sequence": 0
        }
    ],
    "last_updated": "2023-05-03",
    "management_actions": [],
    "maximum_version_required": "",
    "minimum_version_required": "8.6",
    "name": "Azure SQL Database",
    "resource_name_template": "",
    "resource_type": {
        "icon": "fas fa-database",
        "id": "RT-h0npsxst",
        "label": "Database",
        "lifecycle": "ACTIVE",
        "list_view_columns": [],
        "name": "database",
        "plural_label": null
    },
    "sequence": 0,
    "show_recipient_field_on_order_form": false,
    "teardown_items": [
        {
            "action_name": "Delete Azure SQL Database",
            "continue_on_failure": false,
            "deploy_seq": -1,
            "description": "",
            "execute_in_parallel": false,
            "id": "BDI-84o9o2on",
            "name": "Delete Azure SQL",
            "run_on_scale_up": true,
            "show_on_order_form": true,
            "tier_type": "teardown_plugin"
        }
    ]
}