{
    "description": null,
    "enabled": true,
    "icon": "NSXT.png",
    "icon_url": "",
    "id": "XUI-hs6ong6c",
    "label": "NSX-T",
    "last_updated": "2023-09-11",
    "maximum_version_required": "",
    "minimum_version_required": "8.6",
    "name": "nsxt",
    "package_contents": [
        "nsxt/forms.py",
        "nsxt/generate_options_for_nsxt_tags.py",
        "nsxt/urls.py",
        "nsxt/views.py",
        "nsxt/xui_settings.py",
        "nsxt/xui_utilities.py",
        "nsxt/__init__.py",
        "nsxt/config.py",
        "nsxt/actions/apply_domain_nsxt_tag.py",
        "nsxt/actions/apply_nsxt_security_tags.py",
        "nsxt/blueprints/nsx_t_distributed_firewall_policy/nsx_t_distributed_firewall_policy_build/build_nsxt_dfw_policy.py",
        "nsxt/blueprints/nsx_t_distributed_firewall_policy/nsx_t_distributed_firewall_policy_teardown/teardown_nsxt_dfw_policy.py",
        "nsxt/blueprints/nsx_t_distributed_firewall_policy/nsx_t_distributed_firewall_rule_build/nsx_t_distributed_firewall_rule_build/build_nsxt_dfw_rule.py",
        "nsxt/blueprints/nsx_t_distributed_firewall_rule/nsx_t_distributed_firewall_rule_teardown/teardown_nsxt_dfw_rule.py",
        "nsxt/blueprints/nsx_t_network_segment/update_groups/update_groups/change_groups.py",
        "nsxt/blueprints/nsx_t_network_segment/nsx_t_create_network_segment/create_network.py",
        "nsxt/blueprints/nsx_t_network_segment/teardown_nsx_t_network_segment/teardown_segment.py",
        "nsxt/blueprints/nsx_t_group/nsx_t_group_build/build_nsxt_group.py",
        "nsxt/blueprints/nsx_t_group/nsx_t_group_teardown/teardown_nsxt_group.py",
        "nsxt/blueprints/nsx_t_group/change_nsx_t_group_members/change_nsx_t_group_members/change_members.py",
        "nsxt/__pycache__/__init__.cpython-39.pyc",
        "nsxt/__pycache__/config.cpython-39.pyc",
        "nsxt/__pycache__/xui_utilities.cpython-39.pyc",
        "nsxt/__pycache__/urls.cpython-39.pyc",
        "nsxt/__pycache__/views.cpython-39.pyc",
        "nsxt/__pycache__/forms.cpython-39.pyc",
        "nsxt/__pycache__/xui_settings.cpython-39.pyc",
        "nsxt/templates/nsxt_rh_tab.html",
        "nsxt/templates/nsxt_server_tab.html",
        "nsxt/blueprints/nsx_t_distributed_firewall_policy/nsx_t_distributed_firewall_policy.json",
        "nsxt/blueprints/nsx_t_distributed_firewall_policy/nsx_t_distributed_firewall_policy_build/nsx_t_distributed_firewall_policy_build.json",
        "nsxt/blueprints/nsx_t_distributed_firewall_policy/nsx_t_distributed_firewall_policy_teardown/nsx_t_distributed_firewall_policy_teardown.json",
        "nsxt/blueprints/nsx_t_distributed_firewall_policy/nsx_t_distributed_firewall_rule_build/nsx_t_distributed_firewall_rule_build.json",
        "nsxt/blueprints/nsx_t_distributed_firewall_policy/nsx_t_distributed_firewall_rule_build/nsx_t_distributed_firewall_rule_build/nsx_t_distributed_firewall_rule_build.json",
        "nsxt/blueprints/nsx_t_distributed_firewall_rule/nsx_t_distributed_firewall_rule.json",
        "nsxt/blueprints/nsx_t_distributed_firewall_rule/nsx_t_distributed_firewall_rule_teardown/nsx_t_distributed_firewall_rule_teardown.json",
        "nsxt/blueprints/nsx_t_network_segment/nsx_t_network_segment.json",
        "nsxt/blueprints/nsx_t_network_segment/update_groups/update_groups.json",
        "nsxt/blueprints/nsx_t_network_segment/update_groups/update_groups/update_groups.json",
        "nsxt/blueprints/nsx_t_network_segment/nsx_t_create_network_segment/nsx_t_create_network_segment.json",
        "nsxt/blueprints/nsx_t_network_segment/teardown_nsx_t_network_segment/teardown_nsx_t_network_segment.json",
        "nsxt/blueprints/nsx_t_group/nsx_t_group.json",
        "nsxt/blueprints/nsx_t_group/nsx_t_group_build/nsx_t_group_build.json",
        "nsxt/blueprints/nsx_t_group/nsx_t_group_teardown/nsx_t_group_teardown.json",
        "nsxt/blueprints/nsx_t_group/change_nsx_t_group_members/change_nsx_t_group_members.json",
        "nsxt/blueprints/nsx_t_group/change_nsx_t_group_members/change_nsx_t_group_members/change_nsx_t_group_members.json",
        "nsxt/blueprints/nsx_t_distributed_firewall_policy/vmware_nsx_featured_9H4lD06_G2NzHzL.jpg",
        "nsxt/blueprints/nsx_t_distributed_firewall_rule/vmware_nsx_featured_knQ7afZ_1wUahiG_TCoaQLq.jpg",
        "nsxt/blueprints/nsx_t_network_segment/vmware_nsx_featured_lvONGcY.jpg",
        "nsxt/blueprints/nsx_t_group/vmware_nsx_featured_9TwdXMN_xuCsWS5_K17Z6PX.jpg",
        "nsxt/README.md"
    ],
    "version": ""
}