{
    "any_group_can_deploy": true,
    "auto_historical_resources": false,
    "blueprint_image": "/static/uploads/blueprints/pipeline.png",
    "deployment_items": [
        {
            "action_name": "Run Pipeline",
            "continue_on_failure": false,
            "deploy_seq": 1,
            "description": null,
            "execute_in_parallel": false,
            "id": "BDI-w1zjknym",
            "name": "Run Pipeline",
            "run_on_scale_up": true,
            "show_on_order_form": true,
            "tier_type": "plugin"
        }
    ],
    "description": "",
    "favorited": false,
    "icon": "pipeline.png",
    "id": "BP-maobd4dj",
    "is_orderable": true,
    "labels": [
        {
            "model_name": "serviceblueprint",
            "name": "Azure",
            "parent": {
                "model-name": "serviceblueprint",
                "name": "Technology Type"
            }
        }
    ],
    "last_updated": "2022-10-26",
    "management_actions": [],
    "maximum_version_required": "",
    "minimum_version_required": "8.6",
    "name": "ADO Pipeline",
    "resource_name_template": null,
    "resource_type": {
        "icon": "",
        "id": "RT-7lm3lgcz",
        "label": "Service",
        "lifecycle": "ACTIVE",
        "list_view_columns": [],
        "name": "service",
        "plural_label": null
    },
    "sequence": 0,
    "show_recipient_field_on_order_form": false,
    "teardown_items": []
}