{
    "any_group_can_deploy": true,
    "auto_historical_resources": false,
    "blueprint_image": "/static/uploads/blueprints/openshift.png",
    "deployment_items": [
        {
            "action_name": "Create OpenShift Project",
            "continue_on_failure": false,
            "deploy_seq": 1,
            "description": "",
            "enabled": true,
            "execute_in_parallel": false,
            "id": "BDI-8aycdx07",
            "name": "Create OpenShift Project",
            "run_on_scale_up": true,
            "show_on_order_form": true,
            "tier_type": "plugin"
        }
    ],
    "description": "Creates OpenShift project",
    "discovery_plugin": {
        "href": "/api/v3/cmp/actions/OHK-nzy8t8uu/",
        "title": "Discover OpenShift Projects"
    },
    "favorited": false,
    "icon": "openshift.png",
    "id": "BP-hkec5id2",
    "is_orderable": true,
    "labels": [
        {
            "color": null,
            "id": "TAG-fv8jvesd",
            "image": null,
            "name": "OpenShift",
            "sequence": 0
        }
    ],
    "last_updated": "2023-10-20",
    "management_actions": [],
    "maximum_version_required": "",
    "minimum_version_required": "8.6",
    "name": "OpenShift Project",
    "resource_name_template": null,
    "resource_type": {
        "icon": "",
        "id": "RT-wtoyrbjm",
        "label": "Service",
        "lifecycle": "ACTIVE",
        "list_view_columns": [],
        "name": "service",
        "plural_label": null
    },
    "sequence": 0,
    "show_recipient_field_on_order_form": false,
    "teardown_items": [
        {
            "action_name": "Delete OpenShift Project",
            "continue_on_failure": false,
            "deploy_seq": 2,
            "description": "",
            "enabled": true,
            "execute_in_parallel": false,
            "id": "BDI-95tapwf6",
            "name": "Delete OpenShift Project",
            "run_on_scale_up": true,
            "show_on_order_form": true,
            "tier_type": "teardown_plugin"
        }
    ]
}