{
    "any_group_can_deploy": true,
    "auto_historical_resources": false,
    "blueprint_image": "/static/uploads/blueprints/azure_blob_storage_TMcHkNe_R7TaAMi_N3gbxFE_MycMFED.png",
    "deployment_items": [
        {
            "action_name": "Create Azure Storage Blob",
            "continue_on_failure": false,
            "deploy_seq": 1,
            "description": null,
            "execute_in_parallel": false,
            "id": "BDI-mh26foy0",
            "name": "Create Azure Storage Blob",
            "run_on_scale_up": true,
            "show_on_order_form": true,
            "tier_type": "plugin"
        }
    ],
    "description": "Azure Blob storage is Microsoft's object storage solution for the cloud. Blob storage is optimised for storing massive amounts of unstructured data. Unstructured data is data that does not adhere to a particular data model or definition, such as text or binary data. This blueprint adds this functionality to CloudBolt. Tested By Cloudbolt",
    "discovery_plugin": {
        "href": "/api/v3/cmp/actions/OHK-nzuztx8f/",
        "title": "Sync Azure Blob storages"
    },
    "favorited": false,
    "icon": "azure_blob_storage_TMcHkNe_R7TaAMi_N3gbxFE_MycMFED.png",
    "id": "BP-l7xobkfb",
    "is_orderable": true,
    "labels": [
        {
            "color": null,
            "id": "TAG-s7tn0t3i",
            "image": null,
            "name": "Azure",
            "parent": {
                "color": null,
                "id": "TAG-rgqwsw74",
                "image": null,
                "name": "Technology Type",
                "sequence": 0
            },
            "sequence": 0
        }
    ],
    "last_updated": "2023-07-18",
    "management_actions": [],
    "maximum_version_required": "",
    "minimum_version_required": "8.6",
    "name": "Azure Blob Storage",
    "resource_name_template": "",
    "resource_type": {
        "icon": "",
        "id": "RT-0a3x3hl5",
        "label": "Service",
        "lifecycle": "ACTIVE",
        "list_view_columns": [],
        "name": "service",
        "plural_label": null
    },
    "sequence": 0,
    "show_recipient_field_on_order_form": false,
    "teardown_items": [
        {
            "action_name": "Delete Azure Blob Storage Account",
            "continue_on_failure": false,
            "deploy_seq": 2,
            "description": null,
            "execute_in_parallel": false,
            "id": "BDI-muyvve3t",
            "name": "Delete Azure Blob Storage Account",
            "run_on_scale_up": true,
            "show_on_order_form": true,
            "tier_type": "teardown_plugin"
        }
    ]
}
