{
    "description": "\nA cloudbolt game of cards.\n",
    "enabled": true,
    "icon_url": "",
    "id": "XUI-2ymik3ei",
    "label": "Bolty Cards",
    "last_updated": "2022-06-01",
    "maximum_version_required": "",
    "minimum_version_required": "8.6",
    "name": "bolty_cards",
    "package_contents": [
        "bolty_cards/urls.py",
        "bolty_cards/views.py",
        "bolty_cards/forms.py",
        "bolty_cards/__init__.py",
        "bolty_cards/game.py",
        "bolty_cards/__pycache__/views.cpython-39.pyc",
        "bolty_cards/__pycache__/urls.cpython-39.pyc",
        "bolty_cards/__pycache__/forms.cpython-39.pyc",
        "bolty_cards/__pycache__/__init__.cpython-39.pyc",
        "bolty_cards/__pycache__/game.cpython-39.pyc",
        "bolty_cards/templates/cards.html",
        "bolty_cards/static/bolty_cards/back_cards-07.png",
        "bolty_cards/static/bolty_cards/8C.png",
        "bolty_cards/static/bolty_cards/8H.png",
        "bolty_cards/static/bolty_cards/4S.png",
        "bolty_cards/static/bolty_cards/7S.png",
        "bolty_cards/static/bolty_cards/green_back.png",
        "bolty_cards/static/bolty_cards/QD.png",
        "bolty_cards/static/bolty_cards/JD.png",
        "bolty_cards/static/bolty_cards/9H.png",
        "bolty_cards/static/bolty_cards/6D.png",
        "bolty_cards/static/bolty_cards/KS.png",
        "bolty_cards/static/bolty_cards/AS.png",
        "bolty_cards/static/bolty_cards/yellow_back.png",
        "bolty_cards/static/bolty_cards/10S.png",
        "bolty_cards/static/bolty_cards/3D.png",
        "bolty_cards/static/bolty_cards/JH.png",
        "bolty_cards/static/bolty_cards/5C.png",
        "bolty_cards/static/bolty_cards/2C.png",
        "bolty_cards/static/bolty_cards/2D.png",
        "bolty_cards/static/bolty_cards/CB.png",
        "bolty_cards/static/bolty_cards/7D.png",
        "bolty_cards/static/bolty_cards/4D.png",
        "bolty_cards/static/bolty_cards/bolty.png",
        "bolty_cards/static/bolty_cards/6C.png",
        "bolty_cards/static/bolty_cards/10C.png",
        "bolty_cards/static/bolty_cards/10D.png",
        "bolty_cards/static/bolty_cards/9S.png",
        "bolty_cards/static/bolty_cards/KC.png",
        "bolty_cards/static/bolty_cards/9C.png",
        "bolty_cards/static/bolty_cards/5H.png",
        "bolty_cards/static/bolty_cards/7C.png",
        "bolty_cards/static/bolty_cards/honor_clubs.png",
        "bolty_cards/static/bolty_cards/2S.png",
        "bolty_cards/static/bolty_cards/QC.png",
        "bolty_cards/static/bolty_cards/8D.png",
        "bolty_cards/static/bolty_cards/JC.png",
        "bolty_cards/static/bolty_cards/KD.png",
        "bolty_cards/static/bolty_cards/KH.png",
        "bolty_cards/static/bolty_cards/purple_back.png",
        "bolty_cards/static/bolty_cards/AC.png",
        "bolty_cards/static/bolty_cards/5D.png",
        "bolty_cards/static/bolty_cards/4H.png",
        "bolty_cards/static/bolty_cards/10H.png",
        "bolty_cards/static/bolty_cards/QS.png",
        "bolty_cards/static/bolty_cards/AD.png",
        "bolty_cards/static/bolty_cards/honor_heart-14.png",
        "bolty_cards/static/bolty_cards/6H.png",
        "bolty_cards/static/bolty_cards/honor_diamond.png",
        "bolty_cards/static/bolty_cards/5S.png",
        "bolty_cards/static/bolty_cards/JS.png",
        "bolty_cards/static/bolty_cards/3S.png",
        "bolty_cards/static/bolty_cards/AH.png",
        "bolty_cards/static/bolty_cards/4C.png",
        "bolty_cards/static/bolty_cards/9D.png",
        "bolty_cards/static/bolty_cards/8S.png",
        "bolty_cards/static/bolty_cards/2H.png",
        "bolty_cards/static/bolty_cards/red_back.png",
        "bolty_cards/static/bolty_cards/aces.png",
        "bolty_cards/static/bolty_cards/gray_back.png",
        "bolty_cards/static/bolty_cards/blue_back.png",
        "bolty_cards/static/bolty_cards/3C.png",
        "bolty_cards/static/bolty_cards/6S.png",
        "bolty_cards/static/bolty_cards/3H.png",
        "bolty_cards/static/bolty_cards/7H.png",
        "bolty_cards/static/bolty_cards/QH.png",
        "bolty_cards/static/bolty_cards/honors_spade-14.png"
    ]
}