{
    "any_group_can_deploy": true,
    "auto_historical_resources": false,
    "blueprint_image": "/static/uploads/blueprints/cropped-Microsoft-Azure_MpFPi38_XywOBJq_6DCrZz2_2IhR4E4.png",
    "deployment_items": [
        {
            "action_name": "Deploy Azure Resource Manager Template (1)",
            "continue_on_failure": false,
            "deploy_seq": 2,
            "description": null,
            "execute_in_parallel": false,
            "id": "BDI-vgzuk9s4",
            "name": "Deploy Azure Resource Manager Template",
            "run_on_scale_up": true,
            "show_on_order_form": true,
            "tier_type": "plugin"
        }
    ],
    "description": "Deploy Azure resources using an ARM template. Documentation is available from Microsoft here: https://docs.microsoft.com/en-us/azure/azure-resource-manager/resource-group-authoring-templates.\r\n\r\nThis uses an example template from https://github.com/Azure/azure-quickstart-templates, which is expected to be downloaded and placed in /var/opt/cloudbolt/proserv/arm_templates/.",
    "favorited": false,
    "icon": "cropped-Microsoft-Azure_MpFPi38_XywOBJq_6DCrZz2_2IhR4E4.png",
    "id": "BP-yy398mbh",
    "is_orderable": true,
    "labels": [
        {
            "model_name": "serviceblueprint",
            "name": "Azure",
            "parent": {
                "model-name": "serviceblueprint",
                "name": "Technology Type"
            }
        }
    ],
    "last_updated": "2022-09-28",
    "management_actions": [],
    "maximum_version_required": "",
    "minimum_version_required": "8.6",
    "name": "Azure Resource Manager Template",
    "resource_name_template": "",
    "sequence": 0,
    "show_recipient_field_on_order_form": false,
    "teardown_items": []
}