{
    "description": null,
    "enabled": true,
    "icon": "data_dog_ITgEEF9.png",
    "id": "XUI-rfkajkfc",
    "label": "Datadog",
    "last_updated": "2022-12-27",
    "maximum_version_required": "",
    "minimum_version_required": "8.6",
    "name": "data_dog",
    "package_contents": [
        "data_dog/__init__.py",
        "data_dog/uninstall_agent.py",
        "data_dog/data_dog_scripts.py",
        "data_dog/data_dog_helper.py",
        "data_dog/urls.py",
        "data_dog/forms.py",
        "data_dog/install_agent.py",
        "data_dog/views.py",
        "data_dog/templates/admin_page.html",
        "data_dog/templates/data_dog_server_tab.html",
        "data_dog/templates/tab-servers.html",
        "data_dog/templates/tab-dashboard.html"
    ],
    "version": ""
}