{
    "description": null,
    "enabled": true,
    "icon": "new_relic.png",
    "id": "XUI-28a5kgrq",
    "label": "New Relic",
    "name": "new_relic",
    "package_contents": [
        "new_relic/forms.py",
        "new_relic/uninstall_agent.py",
        "new_relic/urls.py",
        "new_relic/install_agent.py",
        "new_relic/new_relic_helper.py",
        "new_relic/views.py",
        "new_relic/__init__.py",
        "new_relic/new_relic_scripts.py",
        "new_relic/templates/admin_page.html",
        "new_relic/templates/new_relic_server_tab.html",
        "new_relic/templates/tab-dashboard.html"
    ]
}