{
    "action_input_default_values": [],
    "allow_parallel_jobs": false,
    "base_action_name": "Sync Resources by Cloudbolt",
    "create_date": "2021-12-31 08:18:50.580341",
    "description": "For any Blueprint that has a Discovery Plug-in specified, use that logic to discover and sync Resources of the type described by that Blueprint. Add new  recurring job 'Sync Resources by Cloudbolt' In New Version Cloudbolt2023.5.74",
    "enabled": false,
    "icon": "Icon_Sync-512_Abby.png",
    "id": "RJB-fnxtov91",
    "last_run": null,
    "last_updated": "2022-01-21",
    "name": "Sync Resources by Cloudbolt",
    "schedule": "15 1 * * *",
    "type": "orchestration_hook"
}
