{
    "action_input_default_values": [],
    "allow_parallel_jobs": false,
    "base_action_name": "Import Public Cloud Billing Data",
    "create_date": "2021-12-31 08:18:50.535273",
    "description": "Download last month's billing data for the pub cloud providers and add any server-related costs to the CB DB.",
    "enabled": true,
    "icon": "invoice_ElpX4lw.jpg",
    "id": "RJB-on3ydy7s",
    "last_run": null,
    "last_updated": "2022-01-21",
    "name": "Import Public Cloud Billing Data",
    "schedule": "0 2 1 * *",
    "type": "orchestration_hook"
}