{
    "any_group_can_deploy": true,
    "auto_historical_resources": false,
    "blueprint_image": "/static/uploads/blueprints/cloud_formation_SFo9yEN.png",
    "deployment_items": [
        {
            "action_name": "Create AWS CloudFormation stack",
            "continue_on_failure": false,
            "deploy_seq": 1,
            "description": null,
            "enabled": true,
            "execute_in_parallel": false,
            "id": "BDI-obes5scx",
            "name": "Create AWS CloudFormation stack",
            "run_on_scale_up": true,
            "show_on_order_form": true,
            "tier_type": "plugin"
        }
    ],
    "description": "Create and manage AWS CloudFormation stacks.",
    "discovery_plugin": {
        "href": "/api/v3/cmp/actions/OHK-v434xgza/",
        "title": "Discover AWS CloudFormation"
    },
    "favorited": false,
    "icon": "cloud_formation_SFo9yEN.png",
    "id": "BP-si63ezg8",
    "is_orderable": true,
    "labels": [
        {
            "color": null,
            "id": "TAG-6spb5ltg",
            "image": null,
            "name": "AWS",
            "parent": {
                "color": null,
                "id": "TAG-rgqwsw74",
                "image": null,
                "name": "Technology Type",
                "sequence": 0
            },
            "sequence": 0
        }
    ],
    "last_updated": "2023-10-23",
    "management_actions": [],
    "maximum_version_required": "",
    "minimum_version_required": "8.6",
    "name": "AWS CloudFormation",
    "resource_name_template": null,
    "resource_type": {
        "icon": "",
        "id": "RT-iuyb10v1",
        "label": "Service",
        "lifecycle": "ACTIVE",
        "list_view_columns": [],
        "name": "service",
        "plural_label": null
    },
    "sequence": 0,
    "show_recipient_field_on_order_form": false,
    "teardown_items": [
        {
            "action_name": "Delete AWS CloudFormation",
            "continue_on_failure": false,
            "deploy_seq": -1,
            "description": null,
            "enabled": true,
            "execute_in_parallel": false,
            "id": "BDI-cgn2klg7",
            "name": "Delete AWS CloudFormation",
            "run_on_scale_up": true,
            "show_on_order_form": true,
            "tier_type": "teardown_plugin"
        }
    ]
}