{
    "any_group_can_deploy": true,
    "auto_historical_resources": false,
    "blueprint_image": "/static/uploads/blueprints/aws_dynamo_db_LyZDFQ4.png",
    "deployment_items": [
        {
            "action_name": "Create AWS Dynamo DB",
            "continue_on_failure": false,
            "deploy_seq": 1,
            "description": "This plugin will create a Dynamo Database on AWS Cloud and resource on the CMP Instance.",
            "enabled": true,
            "execute_in_parallel": false,
            "id": "BDI-qiorj40z",
            "name": "Create AWS Dynamo DB",
            "run_on_scale_up": true,
            "show_on_order_form": true,
            "tier_type": "plugin"
        }
    ],
    "description": "Blueprint for AWS Dynamo DB",
    "discovery_plugin": {
        "href": "/api/v3/cmp/actions/OHK-c2kkr739/",
        "title": "Discover AWS DynamoDb Tables"
    },
    "favorited": false,
    "icon": "aws_dynamo_db_LyZDFQ4.png",
    "id": "BP-karkee9v",
    "is_orderable": true,
    "labels": [
        {
            "color": null,
            "id": "TAG-6spb5ltg",
            "image": null,
            "name": "AWS",
            "parent": {
                "color": null,
                "id": "TAG-rgqwsw74",
                "image": null,
                "name": "Technology Type",
                "sequence": 0
            },
            "sequence": 0
        },
        {
            "color": null,
            "id": "TAG-76xnylxw",
            "image": null,
            "name": "NoSQL",
            "parent": {
                "color": null,
                "id": "TAG-fpdjl8eu",
                "image": null,
                "name": "Databases",
                "parent": {
                    "color": null,
                    "id": "TAG-d7rehwzt",
                    "image": null,
                    "name": "Public Cloud Services",
                    "sequence": 0
                },
                "sequence": 0
            },
            "sequence": 0
        }
    ],
    "last_updated": "2023-10-25",
    "management_actions": [
        {
            "enabled": true,
            "label": "Create table backup"
        },
        {
            "enabled": true,
            "label": "Delete table backup"
        },
        {
            "enabled": true,
            "label": "Sync table backup"
        }
    ],
    "maximum_version_required": "",
    "minimum_version_required": "8.6",
    "name": "Dynamo DB",
    "resource_name_template": null,
    "resource_type": {
        "icon": "fas fa-database",
        "id": "RT-h0npsxst",
        "label": "Database",
        "lifecycle": "ACTIVE",
        "list_view_columns": [],
        "name": "database",
        "plural_label": null
    },
    "sequence": 0,
    "show_recipient_field_on_order_form": false,
    "teardown_items": [
        {
            "action_name": "Teardown for Dynamo DB table",
            "continue_on_failure": false,
            "deploy_seq": 1,
            "description": "This plugin will delete a Dynamo Database from AWS Cloud and resource from the CMP Instance.",
            "enabled": true,
            "execute_in_parallel": false,
            "id": "BDI-rtz0oq8j",
            "name": "Teardown for Dynamo DB table",
            "run_on_scale_up": true,
            "show_on_order_form": true,
            "tier_type": "teardown_plugin"
        }
    ]
}