{
    "any_group_can_deploy": true,
    "auto_historical_resources": false,
    "blueprint_image": "/static/uploads/blueprints/aws_ecs_0CrARpd_Abby.png",
    "deployment_items": [
        {
            "action_name": "Create AWS ECS Cluster Service",
            "continue_on_failure": false,
            "deploy_seq": 1,
            "description": "This plugin will create an ECS Cluster Service on AWS Cloud and resource on the CMP Instance.",
            "enabled": true,
            "execute_in_parallel": false,
            "id": "BDI-03ybwp8i",
            "name": "Create AWS ECS Cluster Service",
            "run_on_scale_up": true,
            "show_on_order_form": true,
            "tier_type": "plugin"
        }
    ],
    "description": "Create, delete and synchronise Amazon Elastic Container Services. Updated this Blueprint On Older Version as on 13th December 2023",
    "discovery_plugin": {
        "href": "/api/v3/cmp/actions/OHK-irvm3sp0/",
        "title": "Discover AWS ECS Cluster Service"
    },
    "favorited": false,
    "icon": "aws_ecs_0CrARpd_Abby.png",
    "id": "BP-d62rwtwq",
    "is_orderable": true,
    "labels": [
        {
            "color": null,
            "id": "TAG-6spb5ltg",
            "image": null,
            "name": "AWS",
            "parent": {
                "color": null,
                "id": "TAG-rgqwsw74",
                "image": null,
                "name": "Technology Type",
                "sequence": 0
            },
            "sequence": 0
        },
        {
            "color": null,
            "id": "TAG-i8c78zbl",
            "image": null,
            "name": "New in 8.7",
            "sequence": 0
        }
    ],
    "last_updated": "2023-10-23",
    "management_actions": [
        {
            "enabled": true,
            "label": "Sync Container Service"
        },
        {
            "enabled": true,
            "label": "Stop Task"
        },
        {
            "enabled": true,
            "label": "Run Task"
        },
        {
            "enabled": true,
            "label": "Register Task Definition"
        },
        {
            "enabled": true,
            "label": "Deregister Task Definition"
        },
        {
            "enabled": true,
            "label": "Delete Container Service"
        },
        {
            "enabled": true,
            "label": "Create Container Service"
        }
    ],
    "maximum_version_required": "",
    "minimum_version_required": "8.6",
    "name": "Amazon ECS New Blueprint",
    "resource_name_template": null,
    "resource_type": {
        "icon": "",
        "id": "RT-t3u2amy4",
        "label": "Cluster",
        "lifecycle": "ACTIVE",
        "list_view_columns": [],
        "name": "cluster",
        "plural_label": null
    },
    "sequence": 0,
    "show_recipient_field_on_order_form": false,
    "teardown_items": [
        {
            "action_name": "Teardown for AWS ECS Cluster Service",
            "continue_on_failure": false,
            "deploy_seq": 2,
            "description": "This plugin will delete an ECS Cluster Service from AWS Cloud and resource from the CMP Instance.",
            "enabled": true,
            "execute_in_parallel": false,
            "id": "BDI-39qbtuvf",
            "name": "Teardown for AWS ECS Cluster Service",
            "run_on_scale_up": true,
            "show_on_order_form": true,
            "tier_type": "teardown_plugin"
        }
    ]
}
