{
    "description": "Enable multi factor authentication for login into CMP on a user by user basis.",
    "enabled": true,
    "icon_url": "",
    "id": "XUI-tf5xgj1t",
    "label": "Multi Factor Authentication",
    "last_updated": "2022-11-01",
    "maximum_version_required": "",
    "minimum_version_required": "8.6",
    "name": "mfa",
    "package_contents": [
        "mfa/totp.py",
        "mfa/forms.py",
        "mfa/utils.py",
        "mfa/urls.py",
        "mfa/xui_settings.py",
        "mfa/middleware.py",
        "mfa/views.py",
        "mfa/__init__.py",
        "mfa/templates/verify_second_factor_totp.html",
        "mfa/templates/mfa_management_tab.html",
        "mfa/templates/admin_page.html",
        "mfa/templates/configure.html",
        "mfa/templates/tab-overview.html"
    ]
}