{
    "description": null,
    "enabled": true,
    "icon": "git_management.png",
    "icon_url": "",
    "id": "XUI-n173uwe7",
    "label": "Git Management",
    "last_updated": "2023-09-11",
    "maximum_version_required": "",
    "minimum_version_required": "8.6",
    "name": "git_management",
    "package_contents": [
        "git_management/views.py",
        "git_management/__init__.py",
        "git_management/urls.py",
        "git_management/utilities.py",
        "git_management/forms.py",
        "git_management/config.py",
        "git_management/templates/admin_page.html",
        "git_management/templates/tab-config.html",
        "git_management/templates/tab-content.html",
        "git_management/templates/tab-server_actions.html",
        "git_management/templates/tab-orchestration_actions.html",
        "git_management/templates/tab-recurring_jobs.html",
        "git_management/templates/tab-ui_extensions.html",
        "git_management/templates/tab-docs.html"
    ],
    "version": ""
}
