{
    "description": null,
    "enabled": true,
    "icon": "cloudendure_L8MAc1X_oOEvkwn.jpg",
    "id": "XUI-iub9pdfd",
    "label": "CloudEndure",
    "name": "cloudendure",
    "package_contents": [
        "cloudendure/forms.py",
        "cloudendure/cloudendure_scripts.py",
        "cloudendure/urls.py",
        "cloudendure/install_agent.py",
        "cloudendure/views.py",
        "cloudendure/cloudendure_admin.py",
        "cloudendure/templates/server_tab.html",
        "cloudendure/templates/admin_page.html",
        "cloudendure/templates/tab-jobs.html",
        "cloudendure/templates/tab-dashboard.html",
        "cloudendure/templates/tab-servers.html",
        "cloudendure/templates/tab-projects.html"
    ]
}