{
    "action_input_default_values": [],
    "base_action_name": "Hierarchical, Multiple Group Approval (Order Submission)",
    "continue_on_failure": false,
    "description": "Overrides CloudBolt's standard Order Approval workflow. </br>\r\n\r\nThis Orchestration Action requires that users from two separate Groups approve an Order in a <i>specified</i> order before it becomes Active.",
    "enabled": false,
    "hook_point": "Order Submission",
    "icon": "cloudbolt_mIQEEDM.jpg",
    "id": "HPA-vu2fgvav",
    "last_updated": "2022-11-19",
    "maximum_version_required": "",
    "minimum_version_required": "8.6",
    "name": "Hierarchical, Multiple Group Approval (Order Submission)",
    "run_on_statuses": "",
    "run_seq": 3
}