{
    "description": "\nThis UI Extension will be used for managing and automating ServiceNow Approval process.\n\n\nUsing this tool you can download sample workflow, create a predefined configurations, this tool will be automatically managing the requests on the CMP orders.\n\n\nCurrent Version: v1.0\n",
    "enabled": true,
    "icon": "servicenow.jpg",
    "id": "XUI-q62ajt14",
    "label": "ServiceNow Approval",
    "last_updated": "2023-06-07",
    "maximum_version_required": "",
    "minimum_version_required": "8.6",
    "name": "service_now_approval",
    "package_contents": [
        "service_now_approval/static/css/common.css",
        "service_now_approval/static/images/image.png",
        "service_now_approval/urls.py",
        "service_now_approval/utils.py",
        "service_now_approval/views.py",
        "service_now_approval/__init__.py",
        "service_now_approval/recurring_jobs/servicenow_close_request.py",
        "service_now_approval/recurring_jobs/servicenow_change_order_status.py",
        "service_now_approval/recurring_jobs/servicenow_create_request.py",
        "service_now_approval/templates/admin_page.html",
        "service_now_approval/static/files/service_catalog_request.xml",
        "service_now_approval/static/files/default_data.json"
    ],
    "version": "v1.0"
}