{
    "any_group_can_deploy": true,
    "auto_historical_resources": false,
    "blueprint_image": "/static/uploads/blueprints/Monitor_StorageAccount_Logo_IsP9Ea2.jpg",
    "deployment_items": [
        {
            "action_name": "Create an Azure Storage account",
            "continue_on_failure": false,
            "deploy_seq": 1,
            "description": null,
            "enabled": true,
            "execute_in_parallel": false,
            "id": "BDI-nvxbr76e",
            "name": "Create an Azure Storage account",
            "run_on_scale_up": true,
            "show_on_order_form": true,
            "tier_type": "plugin"
        }
    ],
    "description": "",
    "discovery_plugin": {
        "href": "/api/v3/cmp/actions/OHK-d0wquvbz/",
        "title": "Discover Azure Storage Records"
    },
    "favorited": false,
    "icon": "Monitor_StorageAccount_Logo_IsP9Ea2.jpg",
    "id": "BP-jb3q0b8p",
    "is_orderable": true,
    "labels": [
        {
            "color": null,
            "id": "TAG-s7tn0t3i",
            "image": null,
            "name": "Azure",
            "parent": {
                "color": null,
                "id": "TAG-rgqwsw74",
                "image": null,
                "name": "Technology Type",
                "sequence": 0
            },
            "sequence": 0
        }
    ],
    "last_updated": "2023-09-07",
    "management_actions": [],
    "maximum_version_required": "",
    "minimum_version_required": "8.6",
    "name": "Azure Storage",
    "resource_name_template": null,
    "resource_type": {
        "icon": "",
        "id": "RT-0a3x3hl5",
        "label": "Service",
        "lifecycle": "ACTIVE",
        "list_view_columns": [],
        "name": "service",
        "plural_label": null
    },
    "sequence": 0,
    "show_recipient_field_on_order_form": false,
    "teardown_items": [
        {
            "action_name": "Deletes Storage Account from Azure",
            "continue_on_failure": false,
            "deploy_seq": 2,
            "description": null,
            "enabled": true,
            "execute_in_parallel": false,
            "id": "BDI-d3894kx4",
            "name": "Deletes Storage Account from Azure",
            "run_on_scale_up": true,
            "show_on_order_form": true,
            "tier_type": "teardown_plugin"
        }
    ]
}