{
    "action_input_default_values": [],
    "allow_parallel_jobs": false,
    "base_action_name": "Sync CloudBolt Order Status with ServiceNow Catalog Request Status",
    "create_date": "2021-12-31 08:18:50.624368",
    "description": "Get list of current pending orders and check the statusin ServiceNow. If status has changed to \"approved\" or \"rejected\",change CB order status accordingly.",
    "enabled": false,
    "icon": "cloudbolt_tRjxbla.jpg",
    "id": "RJB-f75vcyfz",
    "last_run": null,
    "last_updated": "2022-01-21",
    "name": "Sync CloudBolt Order Status with ServiceNow Catalog Request Status",
    "schedule": "*/15 * * * *",
    "type": "orchestration_hook"
}