{
    "any_group_can_deploy": true,
    "auto_historical_resources": false,
    "blueprint_image": "/static/uploads/blueprints/Sh5K4_Gh_400x400_A1O0s5R_cy3sOXn_JVGFynP_5y7X9TI.jpg",
    "deployment_items": [
        {
            "action_name": "Create Azure MariaDB",
            "continue_on_failure": false,
            "deploy_seq": 1,
            "description": "",
            "execute_in_parallel": false,
            "id": "BDI-4zyyynan",
            "name": "Build a MariaDB on Azure",
            "run_on_scale_up": true,
            "show_on_order_form": true,
            "tier_type": "plugin"
        }
    ],
    "description": "A blueprint for all operations related to MariaDB on Azure",
    "discovery_plugin": {
        "href": "/api/v3/cmp/actions/OHK-oewcob4g/",
        "title": "Discover Azure MariaDB"
    },
    "favorited": false,
    "icon": "Sh5K4_Gh_400x400_A1O0s5R_cy3sOXn_JVGFynP_5y7X9TI.jpg",
    "id": "BP-02eqsabv",
    "is_orderable": true,
    "labels": [
        {
            "color": null,
            "id": "TAG-rvep5iv0",
            "image": null,
            "name": "Azure",
            "parent": {
                "color": null,
                "id": "TAG-37hfoi7s",
                "image": null,
                "name": "Technology Type",
                "sequence": 0
            },
            "sequence": 0
        },
        {
            "color": null,
            "id": "TAG-n5zsmir8",
            "image": null,
            "name": "MariaDB",
            "parent": {
                "color": null,
                "id": "TAG-fpdjl8eu",
                "image": null,
                "name": "Databases",
                "parent": {
                    "color": null,
                    "id": "TAG-d7rehwzt",
                    "image": null,
                    "name": "Public Cloud Services",
                    "sequence": 0
                },
                "sequence": 0
            },
            "sequence": 0
        }
    ],
    "last_updated": "2023-05-11",
    "management_actions": [],
    "maximum_version_required": "",
    "minimum_version_required": "8.6",
    "name": "Azure MariaDB",
    "resource_name_template": "",
    "resource_type": {
        "icon": "fas fa-database",
        "id": "RT-h0npsxst",
        "label": "Database",
        "lifecycle": "ACTIVE",
        "list_view_columns": [],
        "name": "database",
        "plural_label": null
    },
    "sequence": 0,
    "show_recipient_field_on_order_form": false,
    "teardown_items": [
        {
            "action_name": "Teardown Azure MariaDB",
            "continue_on_failure": false,
            "deploy_seq": -1,
            "description": null,
            "execute_in_parallel": false,
            "id": "BDI-nplv7kyw",
            "name": "Teardown MariaDB on Azure",
            "run_on_scale_up": true,
            "show_on_order_form": true,
            "tier_type": "teardown_plugin"
        }
    ]
}