{
    "any_group_can_deploy": false,
    "auto_historical_resources": false,
    "blueprint_image": null,
    "deployment_items": [
        {
            "action_name": "BYOR",
            "continue_on_failure": false,
            "deploy_seq": 1,
            "description": "",
            "execute_in_parallel": false,
            "id": "BDI-oawopdsg",
            "name": "Azure Onboarding",
            "parameter_defaults": [
                {
                    "label": "Cb Admin Username",
                    "name": "cb_admin_username_a155",
                    "value": "admin"
                },
                {
                    "label": "Delete On Failure",
                    "name": "delete_on_failure_a155",
                    "value": "True"
                }
            ],
            "run_on_scale_up": true,
            "show_on_order_form": true,
            "tier_type": "plugin"
        },
        {
            "action_name": "Add Remove BPs Based on Group Azure Account Parameter",
            "continue_on_failure": false,
            "deploy_seq": 2,
            "description": null,
            "execute_in_parallel": false,
            "id": "BDI-jogxxyli",
            "name": "Add Remove BPs Based on Group Azure Account Parameter",
            "run_on_scale_up": true,
            "show_on_order_form": true,
            "tier_type": "plugin"
        }
    ],
    "description": "Blueprint for Azure Onboarding",
    "favorited": false,
    "id": "BP-4ls085dj",
    "is_orderable": true,
    "labels": [],
    "last_updated": "2022-10-13",
    "management_actions": [],
    "maximum_version_required": "",
    "minimum_version_required": "9999.9999.9999",
    "name": "BYOAZURE",
    "resource_name_template": null,
    "resource_type": {
        "icon": "",
        "id": "RT-5cedo8vw",
        "label": "Service",
        "lifecycle": "ACTIVE",
        "list_view_columns": [],
        "name": "service",
        "plural_label": null
    },
    "sequence": 0,
    "show_recipient_field_on_order_form": false,
    "teardown_items": []
}