{
    "any_group_can_deploy": false,
    "auto_historical_resources": false,
    "blueprint_image": "/static/uploads/blueprints/google_cloud2_e7DpaQu_gJOwd22_NRGy0Y3_0Ca8g2H.png",
    "deployment_items": [
        {
            "action_name": "Create Google Cloud SQL Database (1) (4) (3)",
            "continue_on_failure": false,
            "deploy_seq": 1,
            "description": null,
            "execute_in_parallel": false,
            "id": "BDI-ffnfq97u",
            "name": "Create Google SQL Database",
            "run_on_scale_up": true,
            "show_on_order_form": true,
            "tier_type": "plugin"
        }
    ],
    "description": "Creates and manages sql instances in Google cloud.  Note that every CloudBolt service account that handles this Blueprint will require the Cloud SQL Admin Permission. Run this Blueprint once before setting permissions if you are unsure which service account needs permissions.",
    "favorited": false,
    "icon": "google_cloud2_e7DpaQu_gJOwd22_NRGy0Y3_0Ca8g2H.png",
    "id": "BP-tcgk2zr6",
    "is_orderable": true,
    "labels": [],
    "last_updated": "2022-10-13",
    "management_actions": [
        {
            "enabled": true,
            "label": "Delete Database (1) (4) (3)"
        },
        {
            "enabled": true,
            "label": "Create Database (1) (4) (3)"
        }
    ],
    "maximum_version_required": "",
    "minimum_version_required": "8.6",
    "name": "Google Cloud SQL Database",
    "resource_name_template": "",
    "resource_type": {
        "icon": "fas fa-database",
        "id": "RT-5j0z8jiv",
        "label": "Database",
        "lifecycle": "ACTIVE",
        "list_view_columns": [],
        "name": "database",
        "plural_label": null
    },
    "sequence": 0,
    "show_recipient_field_on_order_form": false,
    "teardown_items": [
        {
            "action_name": "Delete Google MySQL Database (1) (1) (4) (3)",
            "continue_on_failure": false,
            "deploy_seq": 1,
            "description": "",
            "execute_in_parallel": false,
            "id": "BDI-45jsa0pi",
            "name": "Delete Google MySQL Database",
            "run_on_scale_up": true,
            "show_on_order_form": true,
            "tier_type": "teardown_plugin"
        }
    ]
}