{
    "action_input_default_values": [
        {
            "label": "Disk Type",
            "name": "disk_type_a215",
            "value": "OS Disk"
        },
        {
            "label": "Key Type",
            "name": "key_type_a215",
            "value": "EncryptionAtRestWithCustomerKey"
        }
    ],
    "action_inputs": [
        {
            "allow-multiple": false,
            "available-all-servers": false,
            "description": "The available disk names in a Virtual Machine which are already synced. If you are unable to see any existing disk, run the \"Refresh Info\" action first.",
            "field-dependency-controlling-set": [
                {
                    "controlling-field": {
                        "name": "disk_type_a215"
                    },
                    "custom-field-options": [],
                    "dependency-type": "REGENOPTIONS",
                    "dependent-field": {
                        "name": "disk_name_a215"
                    },
                    "maximum": null,
                    "minimum": null,
                    "regex": ""
                }
            ],
            "field-dependency-dependent-set": [],
            "global-options": [],
            "hide-if-default-value": false,
            "label": "Disk Name",
            "name": "disk_name",
            "placeholder": "Disk is not available",
            "relevant-osfamilies": [],
            "required": true,
            "show-as-attribute": false,
            "show-on-servers": false,
            "type": "STR",
            "value-pattern-string": null
        },
        {
            "allow-multiple": false,
            "available-all-servers": false,
            "description": "The disk types available on the Virtual Machine",
            "field-dependency-controlling-set": [],
            "field-dependency-dependent-set": [
                {
                    "controlling-field": {
                        "name": "disk_type_a215"
                    },
                    "custom-field-options": [],
                    "dependency-type": "REGENOPTIONS",
                    "dependent-field": {
                        "name": "disk_name_a215"
                    },
                    "maximum": null,
                    "minimum": null,
                    "regex": ""
                }
            ],
            "global-options": [],
            "hide-if-default-value": false,
            "label": "Disk Type",
            "name": "disk_type",
            "placeholder": null,
            "relevant-osfamilies": [],
            "required": true,
            "show-as-attribute": false,
            "show-on-servers": false,
            "type": "STR",
            "value-pattern-string": null
        },
        {
            "allow-multiple": false,
            "available-all-servers": false,
            "description": "Key names available in the Key vault selected before",
            "field-dependency-controlling-set": [
                {
                    "controlling-field": {
                        "name": "key_vault_a215"
                    },
                    "custom-field-options": [],
                    "dependency-type": "REGENOPTIONS",
                    "dependent-field": {
                        "name": "key_a215"
                    },
                    "maximum": null,
                    "minimum": null,
                    "regex": ""
                }
            ],
            "field-dependency-dependent-set": [
                {
                    "controlling-field": {
                        "name": "key_a215"
                    },
                    "custom-field-options": [],
                    "dependency-type": "REGENOPTIONS",
                    "dependent-field": {
                        "name": "key_version_a215"
                    },
                    "maximum": null,
                    "minimum": null,
                    "regex": ""
                }
            ],
            "global-options": [],
            "hide-if-default-value": false,
            "label": "Key",
            "name": "key",
            "placeholder": "Key is not available",
            "relevant-osfamilies": [],
            "required": true,
            "show-as-attribute": false,
            "show-on-servers": false,
            "type": "STR",
            "value-pattern-string": null
        },
        {
            "allow-multiple": false,
            "available-all-servers": false,
            "description": "The type of key to be used for encryption",
            "field-dependency-controlling-set": [],
            "field-dependency-dependent-set": [],
            "global-options": [],
            "hide-if-default-value": false,
            "label": "Key Type",
            "name": "key_type",
            "placeholder": null,
            "relevant-osfamilies": [],
            "required": true,
            "show-as-attribute": false,
            "show-on-servers": false,
            "type": "STR",
            "value-pattern-string": null
        },
        {
            "allow-multiple": false,
            "available-all-servers": false,
            "description": "The list of the key vaults available in the same region and resource group as the Virtual Machine",
            "field-dependency-controlling-set": [],
            "field-dependency-dependent-set": [
                {
                    "controlling-field": {
                        "name": "key_vault_a215"
                    },
                    "custom-field-options": [],
                    "dependency-type": "REGENOPTIONS",
                    "dependent-field": {
                        "name": "key_a215"
                    },
                    "maximum": null,
                    "minimum": null,
                    "regex": ""
                }
            ],
            "global-options": [],
            "hide-if-default-value": false,
            "label": "Key Vault",
            "name": "key_vault",
            "placeholder": "Key Vault is not available",
            "relevant-osfamilies": [],
            "required": true,
            "show-as-attribute": false,
            "show-on-servers": false,
            "type": "STR",
            "value-pattern-string": null
        },
        {
            "allow-multiple": false,
            "available-all-servers": false,
            "description": "Key versions available for the key selected before",
            "field-dependency-controlling-set": [
                {
                    "controlling-field": {
                        "name": "key_a215"
                    },
                    "custom-field-options": [],
                    "dependency-type": "REGENOPTIONS",
                    "dependent-field": {
                        "name": "key_version_a215"
                    },
                    "maximum": null,
                    "minimum": null,
                    "regex": ""
                }
            ],
            "field-dependency-dependent-set": [],
            "global-options": [],
            "hide-if-default-value": false,
            "label": "Key Version",
            "name": "key_version",
            "placeholder": "Key Version is not available",
            "relevant-osfamilies": [],
            "required": true,
            "show-as-attribute": false,
            "show-on-servers": false,
            "type": "STR",
            "value-pattern-string": null
        }
    ],
    "base_action_name": "Encrypt Disk",
    "dangerous": false,
    "dialog_message": "",
    "enabled": true,
    "extra_classes": "fas fa-lock",
    "id": "SVA-h52tuluf",
    "is_synchronous": false,
    "label": "Encrypt Disk",
    "last_updated": "2023-05-25",
    "maximum_version_required": "",
    "minimum_version_required": "8.6",
    "new_tab_url": null,
    "requires_approval": false,
    "sequence": null,
    "submit_button_label": ""
}