{
    "any_group_can_deploy": true,
    "auto_historical_resources": false,
    "blueprint_image": "/static/uploads/blueprints/azure_databricks_bp_2hWTR8O_NEjLkhX_LOy5Spj_6mGUgoM.png",
    "deployment_items": [
        {
            "action_name": "Create Databricks Workspace",
            "continue_on_failure": false,
            "deploy_seq": 1,
            "description": "",
            "execute_in_parallel": false,
            "id": "BDI-951a7ucj",
            "name": "Create Databricks Workspace",
            "parameter_defaults": [
                {
                    "label": "Disable Public IP",
                    "name": "disable_public_ip_a163",
                    "value": "False"
                },
                {
                    "label": "Pricing Tier",
                    "name": "pricing_tier_a163",
                    "value": "standard"
                }
            ],
            "run_on_scale_up": true,
            "show_on_order_form": true,
            "tier_type": "plugin"
        }
    ],
    "description": "Blueprint for creating the Databricks workspace on Azure.",
    "discovery_plugin": {
        "href": "/api/v3/cmp/actions/OHK-z6ki30bx/",
        "title": "Discover Databricks Workspace"
    },
    "favorited": false,
    "icon": "azure_databricks_bp_2hWTR8O_NEjLkhX_LOy5Spj_6mGUgoM.png",
    "id": "BP-lqkyepyc",
    "is_orderable": true,
    "labels": [
        {
            "color": null,
            "id": "TAG-rvep5iv0",
            "image": null,
            "name": "Azure",
            "parent": {
                "color": null,
                "id": "TAG-37hfoi7s",
                "image": null,
                "name": "Technology Type",
                "sequence": 0
            },
            "sequence": 0
        },
        {
            "color": null,
            "id": "TAG-r0l4975i",
            "image": null,
            "name": "Databricks",
            "sequence": 0
        }
    ],
    "last_updated": "2023-05-11",
    "management_actions": [
        {
            "enabled": true,
            "label": "List Cluster"
        },
        {
            "enabled": true,
            "label": "Create Cluster"
        },
        {
            "enabled": true,
            "label": "Delete Cluster"
        }
    ],
    "maximum_version_required": "",
    "minimum_version_required": "8.6",
    "name": "Azure Databricks",
    "resource_name_template": null,
    "resource_type": {
        "icon": "",
        "id": "RT-emyrqcjm",
        "label": "Service",
        "lifecycle": "ACTIVE",
        "list_view_columns": [],
        "name": "service",
        "plural_label": null
    },
    "sequence": 0,
    "show_recipient_field_on_order_form": false,
    "teardown_items": [
        {
            "action_name": "Delete Databricks Workspace",
            "continue_on_failure": false,
            "deploy_seq": -1,
            "description": "",
            "execute_in_parallel": false,
            "id": "BDI-teqmfyr2",
            "name": "Delete Databricks Workspace",
            "run_on_scale_up": true,
            "show_on_order_form": true,
            "tier_type": "teardown_plugin"
        }
    ]
}