{
    "description": "\nThis extension adds up to 4 additional tabs on Servers to show OS-level information:\nUsers, Services, Disks, and Cron. Automatically creates these 6 parameters\nneeded to store OS-specific data: os_cron, os_partition, os_disks_physical,\nos_disks_logical, os_users, os_services.\n",
    "enabled": true,
    "icon": "os_info_ext.png",
    "id": "XUI-4a390ll9",
    "label": "OS Info Extension",
    "name": "os_info_ext",
    "package_contents": [
        "os_info_ext/os_info_helpers.py",
        "os_info_ext/views.py",
        "os_info_ext/__init__.py",
        "os_info_ext/templates/tables.html",
        "os_info_ext/templates/table.html"
    ]
}