{
    "description": "\nVeeam backup integration. This integration allows for server backups, and\nrestoration to AWS and Azure.\n",
    "enabled": true,
    "icon": "Veeam List Image_LoE2sCm_SBAF0PO.png",
    "id": "XUI-zmsnofdh",
    "label": "Veeam",
    "name": "veeam",
    "package_contents": [
        "veeam/forms.py",
        "veeam/veeam_scripts.py",
        "veeam/urls.py",
        "veeam/install_agent.py",
        "veeam/restore_backup_to_ec2.py",
        "veeam/veeam_choices.py",
        "veeam/take_backup.py",
        "veeam/restore_backup.py",
        "veeam/views.py",
        "veeam/veeam_admin.py",
        "veeam/__init__.py",
        "veeam/restore_backup_to_azure.py",
        "veeam/templates/server_tab.html",
        "veeam/templates/tab-configuration.html",
        "veeam/templates/tab-backups.html",
        "veeam/templates/admin_page.html",
        "veeam/templates/tab-jobs.html",
        "veeam/templates/tab-dashboard.html",
        "veeam/templates/sample_tab.html"
    ]
}