{
    "description": null,
    "enabled": true,
    "icon": "sample_report_extensions.jpg",
    "id": "XUI-mvsj4az6",
    "label": "Sample Report Extensions",
    "name": "sample_report_extensions",
    "package_contents": [
        "sample_report_extensions/forms.py",
        "sample_report_extensions/views.py",
        "sample_report_extensions/__init__.py",
        "sample_report_extensions/reports/bar.html",
        "sample_report_extensions/reports/table.html",
        "sample_report_extensions/reports/pie.html"
    ]
}