{
    "any_group_can_deploy": true,
    "auto_historical_resources": false,
    "blueprint_image": "/static/uploads/blueprints/imagesa040026w_nRnPsaJ_sfLCSn3_BbbLK8c_ubmJBFG.png",
    "deployment_items": [
        {
            "action_name": "Azure Network Security Group Build",
            "continue_on_failure": false,
            "deploy_seq": 1,
            "description": null,
            "execute_in_parallel": false,
            "id": "BDI-w6j6eisz",
            "name": "Azure Network Security Group Build",
            "run_on_scale_up": true,
            "show_on_order_form": true,
            "tier_type": "plugin"
        }
    ],
    "description": "Create, delete and synchronise Azure Network Security Groups",
    "discovery_plugin": {
        "href": "/api/v3/cmp/actions/OHK-kdne1t5s/",
        "title": "Azure Network Security Group Sync"
    },
    "favorited": false,
    "icon": "imagesa040026w_nRnPsaJ_sfLCSn3_BbbLK8c_ubmJBFG.png",
    "id": "BP-3fdhnw54",
    "is_orderable": true,
    "labels": [
        {
            "color": null,
            "id": "TAG-rvep5iv0",
            "image": null,
            "name": "Azure",
            "parent": {
                "color": null,
                "id": "TAG-37hfoi7s",
                "image": null,
                "name": "Technology Type",
                "sequence": 0
            },
            "sequence": 0
        }
    ],
    "last_updated": "2023-05-11",
    "management_actions": [],
    "maximum_version_required": "",
    "minimum_version_required": "8.6",
    "name": "Azure Network Security Group",
    "resource_name_template": "",
    "resource_type": {
        "icon": "",
        "id": "RT-3vsv1jd0",
        "label": "Networks",
        "lifecycle": "ACTIVE",
        "list_view_columns": [],
        "name": "Network",
        "plural_label": null
    },
    "sequence": 0,
    "show_recipient_field_on_order_form": false,
    "teardown_items": [
        {
            "action_name": "Network Security Group Teardown",
            "continue_on_failure": false,
            "deploy_seq": 2,
            "description": null,
            "execute_in_parallel": false,
            "id": "BDI-bvcg6f19",
            "name": "Network Security Group Teardown",
            "run_on_scale_up": true,
            "show_on_order_form": true,
            "tier_type": "teardown_plugin"
        }
    ]
}