{
    "description": null,
    "enabled": true,
    "icon": "cft_icon_vrbAbzG.png",
    "id": "XUI-j5390p26",
    "label": "Cloud Formation",
    "last_updated": "2022-08-05",
    "maximum_version_required": "",
    "minimum_version_required": "8.6",
    "name": "cloud_formation",
    "package_contents": [
        "cloud_formation/urls.py",
        "cloud_formation/views.py",
        "cloud_formation/forms.py",
        "cloud_formation/__init__.py",
        "cloud_formation/shared.py",
        "cloud_formation/actions/generate_options_for_aws_specific_params.py",
        "cloud_formation/actions/generate_options_for_env_id.py",
        "cloud_formation/actions/teardown_cft.py",
        "cloud_formation/actions/deploy_cft.py",
        "cloud_formation/templates/admin.html",
        "cloud_formation/templates/tab-sourcecontrol.html",
        "cloud_formation/templates/tab-blueprints.html",
        "cloud_formation/icons/cft_icon.png"
    ]
}