{
    "action_input_default_values": [],
    "base_action_name": "AWS Rate Hook With CB Configured Rate",
    "continue_on_failure": false,
    "description": "Calculates the on-demand rate for the chosen AWS instance type and CB Admin defined rate for Software, Parameter and Application per environment. Modified by Cloudbolt",
    "enabled": false,
    "hook_point": "Compute Server Rate",
    "icon": "aws_ObH4Q5H.png",
    "id": "HPA-o662z6vs",
    "last_updated": "2022-01-20",
    "name": "AWS Rate Hook With CB Configured Rate",
    "run_on_statuses": "",
    "run_seq": 5
}
