{
    "description": "\nOur cost management plugin helps you gain more financial transparency and actionable recommendations. This eliminates need to use spreadsheet for monitoring and analysis. It gives you deeper understanding of cloud costs, how is your resource utilization, and how you can optimize your environment. Get reliable information at your finger tips to strengthen your FinOps services.\n\n\n\nCurrent Version: v1.6\n",
    "enabled": true,
    "icon": "cb-cloud-blue.svg",
    "id": "XUI-xicfqvm4",
    "label": "Cost and Security Management",
    "last_updated": "2023-06-27",
    "maximum_version_required": "",
    "minimum_version_required": "8.6",
    "name": "kumo_integration_kit",
    "package_contents": [
        "kumo_integration_kit/static/js/spendings.js",
        "kumo_integration_kit/static/js/efficiency.js",
        "kumo_integration_kit/static/js/jspdf.min.js",
        "kumo_integration_kit/static/js/jspdf.plugin.autotable.min.js",
        "kumo_integration_kit/static/js/moment.min.js",
        "kumo_integration_kit/static/js/autotable.js",
        "kumo_integration_kit/static/js/compliance.js",
        "kumo_integration_kit/static/js/admin.js",
        "kumo_integration_kit/static/js/canvg.js",
        "kumo_integration_kit/static/js/jquery.daterangepicker.min.js",
        "kumo_integration_kit/static/js/server_cost.js",
        "kumo_integration_kit/static/js/_graph.js",
        "kumo_integration_kit/static/js/common.js",
        "kumo_integration_kit/static/css/compliance.css",
        "kumo_integration_kit/static/css/efficiency.css",
        "kumo_integration_kit/static/css/dashboard_widget.css",
        "kumo_integration_kit/static/css/spendings.css",
        "kumo_integration_kit/static/css/common.css",
        "kumo_integration_kit/static/css/server.css",
        "kumo_integration_kit/static/css/admin.css",
        "kumo_integration_kit/static/css/daterangepicker.css",
        "kumo_integration_kit/static/images/4.png",
        "kumo_integration_kit/static/images/24.png",
        "kumo_integration_kit/static/images/cis.png",
        "kumo_integration_kit/static/images/7.png",
        "kumo_integration_kit/static/images/awswa.png",
        "kumo_integration_kit/static/images/kumolus_2W0ZaVI.png",
        "kumo_integration_kit/static/images/Step-4.png",
        "kumo_integration_kit/static/images/11.png",
        "kumo_integration_kit/static/images/cloud_provider_spend_details.png",
        "kumo_integration_kit/static/images/2.png",
        "kumo_integration_kit/static/images/3.png",
        "kumo_integration_kit/static/images/cost_in_cloud_providers.png",
        "kumo_integration_kit/static/images/Step-2.png",
        "kumo_integration_kit/static/images/pci.png",
        "kumo_integration_kit/static/images/Step-1.png",
        "kumo_integration_kit/static/images/1.png",
        "kumo_integration_kit/static/images/15.png",
        "kumo_integration_kit/static/images/10.png",
        "kumo_integration_kit/static/images/19.png",
        "kumo_integration_kit/static/images/14.png",
        "kumo_integration_kit/static/images/22.png",
        "kumo_integration_kit/static/images/5.png",
        "kumo_integration_kit/static/images/6.png",
        "kumo_integration_kit/static/images/17.png",
        "kumo_integration_kit/static/images/9.png",
        "kumo_integration_kit/static/images/18.png",
        "kumo_integration_kit/static/images/8.png",
        "kumo_integration_kit/static/images/13.png",
        "kumo_integration_kit/static/images/hipaa.png",
        "kumo_integration_kit/static/images/20.png",
        "kumo_integration_kit/static/images/cost_efficiency_in_cloud_providers.png",
        "kumo_integration_kit/static/images/most_expensive_cloud_services.png",
        "kumo_integration_kit/static/images/compliance_summary.png",
        "kumo_integration_kit/static/images/23.png",
        "kumo_integration_kit/static/images/nist.png",
        "kumo_integration_kit/static/images/Step-3.png",
        "kumo_integration_kit/static/images/16.png",
        "kumo_integration_kit/static/images/21.png",
        "kumo_integration_kit/static/images/12.png",
        "kumo_integration_kit/static/images/Step-5.png",
        "kumo_integration_kit/utils.py",
        "kumo_integration_kit/urls.py",
        "kumo_integration_kit/constants.py",
        "kumo_integration_kit/views.py",
        "kumo_integration_kit/kumo_wrapper.py",
        "kumo_integration_kit/__init__.py",
        "kumo_integration_kit/apis/admin.py",
        "kumo_integration_kit/apis/spendings.py",
        "kumo_integration_kit/apis/dashboard_widget.py",
        "kumo_integration_kit/apis/compliance.py",
        "kumo_integration_kit/apis/server.py",
        "kumo_integration_kit/apis/efficiency.py",
        "kumo_integration_kit/recurring_jobs/rh_data_caching.py",
        "kumo_integration_kit/recurring_jobs/csmp_dashboard_widget_data_caching.py",
        "kumo_integration_kit/recurring_jobs/constants.py",
        "kumo_integration_kit/templates/_error.html",
        "kumo_integration_kit/templates/admin.html",
        "kumo_integration_kit/templates/spendings.html",
        "kumo_integration_kit/templates/_gcp_view_by_type.html",
        "kumo_integration_kit/templates/widget_cost_efficiency.html",
        "kumo_integration_kit/templates/_guides.html",
        "kumo_integration_kit/templates/_aws_view_by_type.html",
        "kumo_integration_kit/templates/compliance.html",
        "kumo_integration_kit/templates/server_cost.html",
        "kumo_integration_kit/templates/widget_spend_details.html",
        "kumo_integration_kit/templates/widget_compliance_summary.html",
        "kumo_integration_kit/templates/efficiency.html",
        "kumo_integration_kit/templates/widget_cost_summary.html",
        "kumo_integration_kit/templates/_azure_view_by_type.html",
        "kumo_integration_kit/templates/_cbloader.html",
        "kumo_integration_kit/templates/widget_base_page.html",
        "kumo_integration_kit/templates/widget_expensive_services.html",
        "kumo_integration_kit/cb-cloud-blue.svg",
        "kumo_integration_kit/static/images/cb-cloud-blue.svg"
    ],
    "version": "v1.6"
}