{
    "action_input_default_values": [
        {
            "label": "Filesystem Mount Point",
            "name": "filesystem_mount_point_a141",
            "value": "/data"
        }
    ],
    "base_action_name": "Create MaaS RAID",
    "continue_on_failure": false,
    "description": "",
    "enabled": true,
    "hook_point": "During Resource Provisioning",
    "icon": "maas-logo.png",
    "id": "HPA-mzo7uyom",
    "last_updated": "2022-02-09",
    "name": "Create MaaS RAID",
    "run_on_statuses": "",
    "run_seq": 1
}