{
    "any_group_can_deploy": true,
    "auto_historical_resources": false,
    "blueprint_image": "/static/uploads/blueprints/AWS-EBS-LOGO_HFpEyV7.jpg",
    "deployment_items": [
        {
            "action_name": "Create AWS EBS Storage Volume",
            "continue_on_failure": false,
            "deploy_seq": 1,
            "description": null,
            "enabled": true,
            "execute_in_parallel": false,
            "id": "BDI-axviuv8o",
            "name": "Create AWS EBS Storage Volume",
            "run_on_scale_up": true,
            "show_on_order_form": true,
            "tier_type": "plugin"
        }
    ],
    "description": "Creates and manages Amazon Elastic Block Store (EBS) storage volumes.",
    "discovery_plugin": {
        "href": "/api/v3/cmp/actions/OHK-jh8kelzd/",
        "title": "AWS EBS Storage Discovery"
    },
    "favorited": false,
    "icon": "AWS-EBS-LOGO_HFpEyV7.jpg",
    "id": "BP-60dnmlwe",
    "is_orderable": true,
    "labels": [],
    "last_updated": "2023-10-23",
    "management_actions": [
        {
            "enabled": true,
            "label": "Take Snapshot"
        },
        {
            "enabled": true,
            "label": "Discover Snapshots"
        },
        {
            "enabled": true,
            "label": "Detach Volume From Instance"
        },
        {
            "enabled": true,
            "label": "Attach to Instance"
        }
    ],
    "maximum_version_required": "",
    "minimum_version_required": "8.6",
    "name": "AWS EBS Storage",
    "resource_name_template": null,
    "resource_type": {
        "icon": "fas fa-box",
        "id": "RT-acp5jvcg",
        "label": "Storage",
        "lifecycle": "ACTIVE",
        "list_view_columns": [],
        "name": "storage",
        "plural_label": "Storage"
    },
    "sequence": 0,
    "show_recipient_field_on_order_form": false,
    "teardown_items": [
        {
            "action_name": "Delete AWS EBS Storage Volume",
            "continue_on_failure": false,
            "deploy_seq": -1,
            "description": null,
            "enabled": true,
            "execute_in_parallel": false,
            "id": "BDI-yrbnytea",
            "name": "Delete AWS EBS Storage Volume",
            "run_on_scale_up": true,
            "show_on_order_form": true,
            "tier_type": "teardown_plugin"
        }
    ]
}