{
    "description": "\nProvides features to support a Tintri storage array.\n\nServers in environments that have a Tintri store will have a \"Tintri\" tab on\ntheir detail view. This tab exposes storage performance metrics as well as some\nactions users can take on the server, such as taking a snapshot.\n",
    "enabled": true,
    "icon": "tintri.jpeg",
    "id": "XUI-fi8wlxfu",
    "label": "Tintri",
    "last_updated": "2023-01-04",
    "maximum_version_required": "",
    "minimum_version_required": "9999.9999.9999.9999",
    "name": "tintri",
    "package_contents": [
        "tintri/tintri.py",
        "tintri/forms.py",
        "tintri/utils.py",
        "tintri/urls.py",
        "tintri/common.py",
        "tintri/views1.py",
        "tintri/views.py",
        "tintri/__init__.py",
        "tintri/tintri_api.py",
        "tintri/templates/server_tab.html",
        "tintri/templates/tab-hypervisors.html",
        "tintri/templates/admin_page.html",
        "tintri/templates/tab-overview.html"
    ],
    "version": ""
}