{
    "any_group_can_deploy": true,
    "auto_historical_resources": false,
    "blueprint_image": "/static/uploads/blueprints/azure_redis_cache_f1FXhlB_XtLtvaM_18kj1K7.png",
    "deployment_items": [
        {
            "action_name": "Create an Azure Redis Cache",
            "continue_on_failure": false,
            "deploy_seq": 1,
            "description": null,
            "execute_in_parallel": false,
            "id": "BDI-ny3x57ll",
            "name": "Create an Azure Redis Cache",
            "run_on_scale_up": true,
            "show_on_order_form": true,
            "tier_type": "plugin"
        }
    ],
    "description": "",
    "discovery_plugin": {
        "href": "/api/v3/cmp/actions/OHK-x47c93cr/",
        "title": "Azure cache for Redis Discovery"
    },
    "favorited": false,
    "icon": "azure_redis_cache_f1FXhlB_XtLtvaM_18kj1K7.png",
    "id": "BP-f2rl6n06",
    "is_orderable": true,
    "labels": [
        {
            "color": null,
            "id": "TAG-s7tn0t3i",
            "image": null,
            "name": "Azure",
            "parent": {
                "color": null,
                "id": "TAG-rgqwsw74",
                "image": null,
                "name": "Technology Type",
                "sequence": 0
            },
            "sequence": 0
        }
    ],
    "last_updated": "2023-07-11",
    "management_actions": [],
    "maximum_version_required": "",
    "minimum_version_required": "8.6",
    "name": "Azure Cache for Redis",
    "resource_name_template": "",
    "resource_type": {
        "icon": "",
        "id": "RT-0a3x3hl5",
        "label": "Service",
        "lifecycle": "ACTIVE",
        "list_view_columns": [],
        "name": "service",
        "plural_label": null
    },
    "sequence": 0,
    "show_recipient_field_on_order_form": false,
    "teardown_items": [
        {
            "action_name": "Azure Cache for Redis Teardown",
            "continue_on_failure": false,
            "deploy_seq": 2,
            "description": null,
            "execute_in_parallel": false,
            "id": "BDI-pfsaviml",
            "name": "Azure Cache for Redis Teardown",
            "run_on_scale_up": true,
            "show_on_order_form": true,
            "tier_type": "teardown_plugin"
        }
    ]
}