{
    "action_input_default_values": [],
    "base_action_name": "Generate Windows Password on GCE",
    "continue_on_failure": false,
    "description": "Sets new Windows password on this instance for the user running the action. Then retrieves the password and stores it on the local server record to enable connectivity from CloudBolt.",
    "enabled": false,
    "hook_point": "Post-Network Verification",
    "icon": "new-win-logo_JJFIyqI.gif",
    "id": "HPA-9xkwxig4",
    "last_updated": "2022-01-20",
    "name": "Generate Windows Password on GCE",
    "run_on_statuses": "",
    "run_seq": 1
}