{
    "action_input_default_values": [],
    "base_action_name": "Multiple Group Approval",
    "continue_on_failure": false,
    "description": "Overrides CloudBolt's standard Order Approval workflow.\r\n\r\nThis Orchestration Action requires users from two separate Groups approve an Order before it becomes Active.",
    "enabled": false,
    "hook_point": "Post-Order Approval",
    "icon": "cloudbolt_mIQEEDM.jpg",
    "id": "HPA-uukjbwo8",
    "last_updated": "2022-01-20",
    "name": "Multiple Group Approval",
    "run_on_statuses": "",
    "run_seq": 3
}