{
    "action_input_default_values": [],
    "allow_parallel_jobs": false,
    "base_action_name": "Refresh Blueprints from Remote Source",
    "create_date": "2021-12-31 08:18:50.602288",
    "description": "For any Blueprint that is configured to be populated from a definition stored in a remote source location, refresh that Blueprint using the Remote Source URL that is set on it. This is an automated alternative to using the manual refresh button on each such Blueprint.",
    "enabled": false,
    "icon": "blueprint-logo.png",
    "id": "RJB-uwi1piss",
    "last_run": null,
    "last_updated": "2022-01-21",
    "name": "Refresh Blueprints from Remote Source",
    "schedule": "15 3 * * *",
    "type": "orchestration_hook"
}