{
    "any_group_can_deploy": true,
    "auto_historical_resources": false,
    "blueprint_image": "/static/uploads/blueprints/sagemaker-logo_YKgQfwM.png",
    "deployment_items": [
        {
            "action_name": "Create Sagemaker Notebook Instance",
            "continue_on_failure": false,
            "deploy_seq": 1,
            "description": null,
            "enabled": true,
            "execute_in_parallel": false,
            "id": "BDI-pcapctom",
            "name": "Create Sagemaker Notebook Instance",
            "run_on_scale_up": true,
            "show_on_order_form": true,
            "tier_type": "plugin"
        }
    ],
    "description": "Amazon Sagemaker AI Engine. Something Different By Abby",
    "favorited": false,
    "icon": "sagemaker-logo_YKgQfwM.png",
    "id": "BP-c0rua40t",
    "is_orderable": true,
    "labels": [
        {
            "color": null,
            "id": "TAG-6spb5ltg",
            "image": null,
            "name": "AWS",
            "parent": {
                "color": null,
                "id": "TAG-rgqwsw74",
                "image": null,
                "name": "Technology Type",
                "sequence": 0
            },
            "sequence": 0
        }
    ],
    "last_updated": "2023-10-25",
    "management_actions": [],
    "maximum_version_required": "",
    "minimum_version_required": "8.6",
    "name": "Amazon Sagemaker New",
    "resource_name_template": "AWS-Sagemaker-00X",
    "resource_type": {
        "icon": "",
        "id": "RT-iuyb10v1",
        "label": "Service",
        "lifecycle": "ACTIVE",
        "list_view_columns": [],
        "name": "service",
        "plural_label": null
    },
    "sequence": 0,
    "show_recipient_field_on_order_form": false,
    "teardown_items": [
        {
            "action_name": "Sagemaker Notebook instance delete",
            "continue_on_failure": false,
            "deploy_seq": 2,
            "description": null,
            "enabled": true,
            "execute_in_parallel": false,
            "id": "BDI-trjfs6ff",
            "name": "Sagemaker Notebook instance delete",
            "run_on_scale_up": true,
            "show_on_order_form": true,
            "tier_type": "teardown_plugin"
        }
    ]
}
