{
    "action_input_default_values": [],
    "base_action_name": "Example post-sync VMs Plugin",
    "continue_on_failure": false,
    "description": "This is a simple example of how to use Server History to find out which\r\nServers were added, modified or removed by a given sync_vms job.",
    "enabled": false,
    "hook_point": "Post Sync VMs",
    "icon": "vm_MV7dmVe.png",
    "id": "HPA-wix96ufo",
    "last_updated": "2022-01-20",
    "name": "Example post-sync VMs Action",
    "run_on_statuses": "",
    "run_seq": 1
}