{
    "any_group_can_deploy": true,
    "auto_historical_resources": false,
    "blueprint_image": "/static/uploads/blueprints/aws_eks_bp_logo_HB1E9Je.png",
    "deployment_items": [
        {
            "action_name": "Create EKS Cluster",
            "continue_on_failure": false,
            "deploy_seq": 1,
            "description": "",
            "enabled": true,
            "execute_in_parallel": false,
            "id": "BDI-leunwuwx",
            "name": "Create EKS Cluster",
            "parameter_defaults": [
                {
                    "label": "Kubernetes Version",
                    "name": "k8s_version_a230",
                    "value": "1.22"
                }
            ],
            "run_on_scale_up": true,
            "show_on_order_form": true,
            "tier_type": "plugin"
        }
    ],
    "description": "Amazon Elastic Container Service for Kubernetes\r\nProvided resource action feature to add node group with autoscaling,  update Kubernetes version etc ",
    "discovery_plugin": {
        "href": "/api/v3/cmp/actions/OHK-e9qppbei/",
        "title": "Discover EKS"
    },
    "favorited": false,
    "icon": "aws_eks_bp_logo_HB1E9Je.png",
    "id": "BP-r5apcf7e",
    "is_orderable": true,
    "labels": [
        {
            "color": null,
            "id": "TAG-6spb5ltg",
            "image": null,
            "name": "AWS",
            "parent": {
                "color": null,
                "id": "TAG-rgqwsw74",
                "image": null,
                "name": "Technology Type",
                "sequence": 0
            },
            "sequence": 0
        }
    ],
    "last_updated": "2023-10-20",
    "management_actions": [
        {
            "enabled": true,
            "label": "Add Nodegroup"
        },
        {
            "enabled": true,
            "label": "Delete Nodegroup"
        },
        {
            "enabled": true,
            "label": "List Nodegroup"
        },
        {
            "enabled": true,
            "label": "Update Kubernetes Version"
        }
    ],
    "maximum_version_required": "",
    "minimum_version_required": "8.6",
    "name": "AWS EKS",
    "resource_name_template": null,
    "resource_type": {
        "icon": "",
        "id": "RT-t3u2amy4",
        "label": "Cluster",
        "lifecycle": "ACTIVE",
        "list_view_columns": [],
        "name": "cluster",
        "plural_label": null
    },
    "sequence": 0,
    "show_recipient_field_on_order_form": false,
    "teardown_items": [
        {
            "action_name": "Delete Cluster",
            "continue_on_failure": false,
            "deploy_seq": -1,
            "description": "Delete AWS EKS Cluster with Associated Nodegroup and Role",
            "enabled": true,
            "execute_in_parallel": false,
            "id": "BDI-2vxs5urb",
            "name": "Delete Cluster",
            "run_on_scale_up": true,
            "show_on_order_form": true,
            "tier_type": "teardown_plugin"
        }
    ]
}
