{
    "any_group_can_deploy": true,
    "auto_historical_resources": false,
    "blueprint_image": "/static/uploads/blueprints/storage.png",
    "deployment_items": [
        {
            "action_name": "Azure Storage Files Blueprint",
            "continue_on_failure": false,
            "deploy_seq": 1,
            "description": null,
            "execute_in_parallel": false,
            "id": "BDI-6a3ujdrg",
            "name": "Azure Storage Files Blueprint",
            "run_on_scale_up": true,
            "show_on_order_form": true,
            "tier_type": "plugin"
        }
    ],
    "description": "Upload a file to an Azure Storage Account",
    "discovery_plugin": {
        "href": "/api/v3/cmp/actions/OHK-3v5tslm0/",
        "title": "Azure storage files sync"
    },
    "favorited": false,
    "icon": "storage.png",
    "id": "BP-9f43nx53",
    "is_orderable": true,
    "labels": [
        {
            "color": null,
            "id": "TAG-rvep5iv0",
            "image": null,
            "name": "Azure",
            "parent": {
                "color": null,
                "id": "TAG-37hfoi7s",
                "image": null,
                "name": "Technology Type",
                "sequence": 0
            },
            "sequence": 0
        }
    ],
    "last_updated": "2023-05-15",
    "management_actions": [],
    "maximum_version_required": "",
    "minimum_version_required": "8.6",
    "name": "Azure Storage Files",
    "resource_name_template": null,
    "resource_type": {
        "icon": "fas fa-box",
        "id": "RT-acp5jvcg",
        "label": "Storage",
        "lifecycle": "ACTIVE",
        "list_view_columns": [],
        "name": "storage",
        "plural_label": "Storage"
    },
    "sequence": 0,
    "show_recipient_field_on_order_form": false,
    "teardown_items": [
        {
            "action_name": "Azure Storage FIle Teardown",
            "continue_on_failure": false,
            "deploy_seq": -1,
            "description": null,
            "execute_in_parallel": false,
            "id": "BDI-mqfmzimd",
            "name": "Azure Storage Teardown",
            "run_on_scale_up": true,
            "show_on_order_form": true,
            "tier_type": "teardown_plugin"
        }
    ]
}