{
    "any_group_can_deploy": true,
    "auto_historical_resources": false,
    "blueprint_image": "/static/uploads/blueprints/RedhatOpenstackLogo_zMRP5uo.png",
    "deployment_items": [
        {
            "action_name": "Boot Instance from Volume",
            "continue_on_failure": false,
            "deploy_seq": 1,
            "description": null,
            "execute_in_parallel": false,
            "id": "BDI-prgphw4d",
            "name": "Boot Instance from Volume",
            "run_on_scale_up": true,
            "show_on_order_form": true,
            "tier_type": "plugin"
        }
    ],
    "description": "Creates an OpenStack instance from a bootable volume.\r\n\r\nConnectionInfo with the name 'Openstack' has to be added before ordering this blueprint.",
    "favorited": false,
    "icon": "RedhatOpenstackLogo_zMRP5uo.png",
    "id": "BP-otmyedmv",
    "is_orderable": true,
    "labels": [
        {
            "color": null,
            "id": "TAG-jte5jp4a",
            "image": null,
            "name": "OpenStack",
            "parent": {
                "color": null,
                "id": "TAG-rgqwsw74",
                "image": null,
                "name": "Technology Type",
                "sequence": 0
            },
            "sequence": 0
        }
    ],
    "last_updated": "2023-08-09",
    "management_actions": [],
    "maximum_version_required": "",
    "minimum_version_required": "8.6",
    "name": "OpenStack Volume Instance",
    "resource_name_template": null,
    "resource_type": {
        "icon": "",
        "id": "RT-ri5rtalb",
        "label": "Volume Instance",
        "lifecycle": "ACTIVE",
        "list_view_columns": [],
        "name": "volume_instance",
        "plural_label": null
    },
    "sequence": 0,
    "show_recipient_field_on_order_form": false,
    "teardown_items": [
        {
            "action_name": "Delete Volume Instance",
            "continue_on_failure": false,
            "deploy_seq": 2,
            "description": null,
            "execute_in_parallel": false,
            "id": "BDI-3p8e1l05",
            "name": "Delete Volume Instances",
            "run_on_scale_up": true,
            "show_on_order_form": true,
            "tier_type": "teardown_plugin"
        }
    ]
}