{
    "action_input_default_values": [
        {
            "label": "Only Change Default Portal",
            "name": "only_change_default_portal_a174",
            "value": "True"
        }
    ],
    "allow_parallel_jobs": false,
    "base_action_name": "Randomly Change CloudBolt Colors",
    "create_date": "2022-01-21 05:46:49.416765",
    "description": "Not extremely practical, except for learning a bit about interacting with Django's Object Relational Model (ORM), which underlies CloudBolt, and for punking your friends' CloudBolt's on April 1st.",
    "enabled": false,
    "icon": "imgbin-web-colors-web-page-color-picker-desktop-color-picker-icon-PrkLxj_R99kThX.jpg",
    "id": "RJB-pbxtt7yp",
    "last_run": null,
    "last_updated": "2022-01-21",
    "name": "Randomly Change CloudBolt Colors",
    "schedule": "15 * * * *",
    "type": "orchestration_hook"
}