{
    "action_input_default_values": [],
    "action_inputs": [
        {
            "allow-multiple": false,
            "available-all-servers": false,
            "description": "",
            "field-dependency-controlling-set": [],
            "field-dependency-dependent-set": [],
            "global-options": [],
            "hide-if-default-value": false,
            "label": "Existing Patch Mode",
            "name": "existing_patch_mode",
            "placeholder": null,
            "relevant-osfamilies": [],
            "required": false,
            "show-as-attribute": false,
            "show-on-servers": false,
            "type": "STR",
            "value-pattern-string": null
        },
        {
            "allow-multiple": false,
            "available-all-servers": false,
            "description": "Possible PatchModes are:\r\n\"AutomaticByPlatform\" - Patch installation for the virtual machine will be managed by Azure.\r\n\"AutomaticByOS\" - Patch installation for the virtual machine will be managed by the OS.\r\n\"Manual\" - You control the application of patches to a virtual machine.\r\n\"ImageDefault\" - Patch installation managed by the default settings on the OS image.",
            "field-dependency-controlling-set": [],
            "field-dependency-dependent-set": [],
            "global-options": [],
            "hide-if-default-value": false,
            "label": "New Patch Mode",
            "name": "new_patch_mode",
            "placeholder": null,
            "relevant-osfamilies": [],
            "required": true,
            "show-as-attribute": false,
            "show-on-servers": false,
            "type": "STR",
            "value-pattern-string": null
        }
    ],
    "base_action_name": "OS Guest Patching",
    "dangerous": true,
    "dialog_message": "Possible PatchModes are:\r\n\"AutomaticByPlatform\" - Patch installation for the virtual machine will be managed by Azure.\r\n\"AutomaticByOS\" - Patch installation for the virtual machine will be managed by the OS.\r\n\"Manual\" - You control the application of patches to a virtual machine.\r\n\"ImageDefault\" - Patch installation managed by the default settings on the OS image.",
    "enabled": true,
    "extra_classes": "far fa-sun",
    "id": "SVA-o96zpel2",
    "is_synchronous": false,
    "label": "OS Guest Patching",
    "last_updated": "2023-05-04",
    "maximum_version_required": "",
    "minimum_version_required": "8.6",
    "new_tab_url": null,
    "requires_approval": false,
    "sequence": null,
    "submit_button_label": "Change Mode"
}