{
    "action_input_default_values": [],
    "allow_parallel_jobs": false,
    "base_action_name": "Auto-power control servers",
    "create_date": "2020-12-09 14:50:16.683743",
    "description": "This recurring job enables auto-powering off of servers for periods of the day. This can be useful for servers that do not need to run at night, to save on public cloud costs/resource consumption at those times of the day. To use this feature, go to a server's details page and configure a power schedule on the tab or use the Power Schedule parameter at order time. When the action runs it will look for the ScheduledTime models created by you setting the power schedule, and use them to determine which servers should be powered on or off at the current time. CloudBolt will use its own server time to judge whether it is the right time to power on and off VMs, so make sure you know what time it is on the CB server and that the timezone is right. Also note that this recurring job is expected to be run every hour on the hour. If it is run on a different schedule, that will impact when servers are powered on or off. The power change will only happen if the job runs during the hour on the day when a power change is scheduled. Edited by Abby on 8th December 2023 Changes Made",
    "enabled": false,
    "icon": "power-on-off-3_I5prZnJ.png",
    "id": "RJB-17vg0zpp",
    "last_run": null,
    "last_updated": "2022-01-20",
    "name": "Auto-power control servers New By Abby",
    "schedule": "0 * * * *",
    "type": "orchestration_hook"
}
