{
    "any_group_can_deploy": true,
    "auto_historical_resources": false,
    "blueprint_image": "/static/uploads/blueprints/AWS_lambda_Logo.jpeg",
    "deployment_items": [
        {
            "action_name": "Create AWS lambda",
            "continue_on_failure": false,
            "deploy_seq": 1,
            "description": null,
            "enabled": true,
            "execute_in_parallel": false,
            "id": "BDI-0q9b6jwz",
            "name": "Create AWS lambda",
            "run_on_scale_up": true,
            "show_on_order_form": true,
            "tier_type": "plugin"
        }
    ],
    "description": "Aws Lambda blueprint used to create the lambda function using different runtime version as python, node, java. Used for the serverless application.",
    "discovery_plugin": {
        "href": "/api/v3/cmp/actions/OHK-vb3a5gqq/",
        "title": "AWS Lambda sync"
    },
    "favorited": false,
    "icon": "AWS_lambda_Logo.jpeg",
    "id": "BP-xpomp3ou",
    "is_orderable": true,
    "labels": [
        {
            "color": null,
            "id": "TAG-6spb5ltg",
            "image": null,
            "name": "AWS",
            "parent": {
                "color": null,
                "id": "TAG-rgqwsw74",
                "image": null,
                "name": "Technology Type",
                "sequence": 0
            },
            "sequence": 0
        }
    ],
    "last_updated": "2023-10-20",
    "management_actions": [],
    "maximum_version_required": "",
    "minimum_version_required": "8.6",
    "name": "AWS Lambda",
    "resource_name_template": null,
    "resource_type": {
        "icon": "",
        "id": "RT-1p6z3igs",
        "label": "Cluster",
        "lifecycle": "ACTIVE",
        "list_view_columns": [],
        "name": "service_4ddf337ebe184dedb7b916f1ebf21153",
        "plural_label": null
    },
    "sequence": 0,
    "show_recipient_field_on_order_form": false,
    "teardown_items": [
        {
            "action_name": "Teardown AWS lambda",
            "continue_on_failure": false,
            "deploy_seq": 2,
            "description": null,
            "enabled": true,
            "execute_in_parallel": false,
            "id": "BDI-v3rqmapd",
            "name": "Teardown AWS lambda",
            "run_on_scale_up": true,
            "show_on_order_form": true,
            "tier_type": "teardown_plugin"
        }
    ]
}