{
    "any_group_can_deploy": true,
    "auto_historical_resources": false,
    "blueprint_image": "/static/uploads/blueprints/image_qZq6zoK_I2ecaY4_qXSkD0F.png",
    "deployment_items": [
        {
            "all_environments_enabled": false,
            "allowed_os_families": [
                "CentOS",
                "Red Hat"
            ],
            "applications": null,
            "deploy_seq": 1,
            "description": "",
            "environment_selection_orchestration": null,
            "execute_in_parallel": false,
            "hostname_template": "",
            "id": "BDI-x9425tgx",
            "name": "MERN Stack VM",
            "os_build": {
                "href": "/api/v3/cmp/osBuilds/OSB-wzbywhwd/",
                "title": "CentOS 7.9.2009 x86_64"
            },
            "restrict_applications": false,
            "show_on_order_form": false,
            "tier_type": "server"
        },
        {
            "action_name": "Setup EC2 Security Group Inbound and Outbound Rules",
            "continue_on_failure": false,
            "deploy_seq": 2,
            "description": null,
            "execute_in_parallel": false,
            "id": "BDI-6siiv4yt",
            "name": "Setup EC2 Security Group Inbound and Outbound Rules",
            "run_on_scale_up": true,
            "show_on_order_form": false,
            "tier_type": "plugin"
        },
        {
            "action_name": "Deploy MERN Stack Web App",
            "continue_on_failure": false,
            "deploy_seq": 3,
            "description": "This script able to install the express, react and node technologies into VM",
            "execute_in_parallel": false,
            "id": "BDI-l6prp637",
            "name": "Deploy MERN Stack Web App",
            "run_on_scale_up": true,
            "server_tiers": [
                "MERN Stack VM"
            ],
            "show_on_order_form": false,
            "tier_type": "script"
        }
    ],
    "description": "This blueprint setup a production ready web server from scratch on the Amazon EC2 (Elastic Compute Cloud) service, then deploy a custom MERN Stack application to it that supports user registration and authentication.\r\n\r\nA MERN Stack application is made up of a front app built with React and React frontend is connected to a backend API built with Node.js + Expressjs + MongoDB, hence the name MERN (MongoDB , Expressjs , React, Nodejs)",
    "favorited": false,
    "icon": "image_qZq6zoK_I2ecaY4_qXSkD0F.png",
    "id": "BP-dhpuhbba",
    "is_orderable": true,
    "labels": [],
    "last_updated": "2022-11-28",
    "management_actions": [],
    "maximum_version_required": "",
    "minimum_version_required": "8.6",
    "name": "MERN(Single Tier) Web App on CentOS",
    "parameters": [
        {
            "allow_multiple": false,
            "available_all_servers": false,
            "constraints": "Unconstrained",
            "description": "How frequently backups should be taken",
            "destination": "Both",
            "field_dependency_controlling_set": [
                {
                    "controlling-field": {
                        "name": "enable_backups"
                    },
                    "custom-field-options": [
                        "True"
                    ],
                    "dependency-type": "SHOWHIDE",
                    "dependent-field": {
                        "name": "backup_policy"
                    },
                    "maximum": null,
                    "minimum": null,
                    "regex": ""
                }
            ],
            "field_dependency_dependent_set": [],
            "global_options": [
                "Daily full, hourly incremental",
                "Weekly full, daily incremental"
            ],
            "label": "Backup Policy",
            "name": "backup_policy",
            "options": [],
            "placeholder": null,
            "relevant_osfamilies": [],
            "required": false,
            "show_as_attribute": false,
            "show_on_servers": true,
            "type": "STR",
            "value_pattern_string": ""
        },
        {
            "allow_multiple": false,
            "available_all_servers": false,
            "constraints": "Unconstrained",
            "description": "Number of days to keep the backups",
            "destination": "Both",
            "field_dependency_controlling_set": [
                {
                    "controlling-field": {
                        "name": "enable_backups"
                    },
                    "custom-field-options": [
                        "True"
                    ],
                    "dependency-type": "SHOWHIDE",
                    "dependent-field": {
                        "name": "bkrt"
                    },
                    "maximum": null,
                    "minimum": null,
                    "regex": ""
                }
            ],
            "field_dependency_dependent_set": [],
            "global_options": [],
            "label": "Backup Retention",
            "name": "bkrt",
            "options": [],
            "placeholder": null,
            "relevant_osfamilies": [],
            "required": true,
            "show_as_attribute": false,
            "show_on_servers": true,
            "type": "INT",
            "value_pattern_string": ""
        },
        {
            "allow_multiple": false,
            "available_all_servers": false,
            "constraints": "Unconstrained",
            "description": "Automatic Veeam backups will be taken of this VM ($2/month)",
            "destination": "Both",
            "field_dependency_controlling_set": [],
            "field_dependency_dependent_set": [
                {
                    "controlling-field": {
                        "name": "enable_backups"
                    },
                    "custom-field-options": [
                        "True"
                    ],
                    "dependency-type": "SHOWHIDE",
                    "dependent-field": {
                        "name": "bkrt"
                    },
                    "maximum": null,
                    "minimum": null,
                    "regex": ""
                },
                {
                    "controlling-field": {
                        "name": "enable_backups"
                    },
                    "custom-field-options": [
                        "True"
                    ],
                    "dependency-type": "SHOWHIDE",
                    "dependent-field": {
                        "name": "backup_policy"
                    },
                    "maximum": null,
                    "minimum": null,
                    "regex": ""
                }
            ],
            "global_options": [],
            "label": "Enable Backups",
            "name": "enable_backups",
            "options": [],
            "placeholder": null,
            "relevant_osfamilies": [],
            "required": false,
            "show_as_attribute": false,
            "show_on_servers": true,
            "type": "BOOL",
            "value_pattern_string": null
        },
        {
            "allow_multiple": false,
            "available_all_servers": false,
            "constraints": "Unconstrained",
            "description": "",
            "destination": "Both",
            "field_dependency_controlling_set": [
                {
                    "controlling-field": {
                        "name": "monitoring_tool"
                    },
                    "custom-field-options": [],
                    "dependency-type": "REGENOPTIONS",
                    "dependent-field": {
                        "name": "monitoring_group"
                    },
                    "maximum": null,
                    "minimum": null,
                    "regex": ""
                }
            ],
            "field_dependency_dependent_set": [],
            "global_options": [],
            "label": "Monitoring Group",
            "name": "monitoring_group",
            "options": [],
            "placeholder": null,
            "relevant_osfamilies": [],
            "required": false,
            "show_as_attribute": false,
            "show_on_servers": false,
            "type": "STR",
            "value_pattern_string": ""
        },
        {
            "allow_multiple": false,
            "available_all_servers": false,
            "constraints": "Unconstrained",
            "description": "wqewerq",
            "destination": "Both",
            "field_dependency_controlling_set": [],
            "field_dependency_dependent_set": [
                {
                    "controlling-field": {
                        "name": "monitoring_tool"
                    },
                    "custom-field-options": [],
                    "dependency-type": "REGENOPTIONS",
                    "dependent-field": {
                        "name": "monitoring_group"
                    },
                    "maximum": null,
                    "minimum": null,
                    "regex": ""
                }
            ],
            "global_options": [
                "DataDog",
                "Sensu",
                "SolarWinds",
                "Zabbix"
            ],
            "label": "Monitoring Tool",
            "name": "monitoring_tool",
            "options": [],
            "placeholder": null,
            "relevant_osfamilies": [],
            "required": false,
            "show_as_attribute": false,
            "show_on_servers": true,
            "type": "STR",
            "value_pattern_string": null
        }
    ],
    "resource_name_template": "mern-stack-web-app-on-centos",
    "resource_type": {
        "icon": "",
        "id": "RT-ky65jpf8",
        "label": "Service",
        "lifecycle": "ACTIVE",
        "list_view_columns": [],
        "name": "service_57bd9e0a5b32427aba8b9e2c6d939123",
        "plural_label": null
    },
    "sequence": 35,
    "show_recipient_field_on_order_form": false,
    "teardown_items": []
}