{
    "description": null,
    "enabled": true,
    "icon": "scheduled_snapshots.jpeg",
    "id": "XUI-9o6al7y7",
    "label": "Scheduled Snapshots",
    "name": "scheduled_snapshots",
    "package_contents": [
        "scheduled_snapshots/forms.py",
        "scheduled_snapshots/urls.py",
        "scheduled_snapshots/views.py",
        "scheduled_snapshots/__init__.py",
        "scheduled_snapshots/actions/take_scheduled_snapshots.py",
        "scheduled_snapshots/templates/server_tab.html"
    ]
}