{
    "description": null,
    "enabled": true,
    "icon": "OpenShift.png",
    "id": "XUI-uv5az9ea",
    "label": "OpenShift",
    "last_updated": "2023-02-15",
    "maximum_version_required": "",
    "minimum_version_required": "8.6",
    "name": "openshift",
    "package_contents": [
        "openshift/urls.py",
        "openshift/views.py",
        "openshift/openshiftmanager.py",
        "openshift/forms.py",
        "openshift/templates/admin_page.html",
        "openshift/templates/tab-dashboard.html"
    ],
    "version": ""
}