{
    "description": "\nThis XUI renders the OpenStack reports such as optimization report and monthly VM reports with their cpu, memory and network utilizations.\n\n\nCurrent Version: v1.0\n",
    "enabled": true,
    "icon": "OpenStack.png",
    "id": "XUI-bs1zvtkk",
    "label": "OpenStack Reports",
    "last_updated": "2023-08-09",
    "maximum_version_required": "",
    "minimum_version_required": "8.6",
    "name": "openstack_reports",
    "package_contents": [
        "openstack_reports/static/js/common.js",
        "openstack_reports/static/js/jspdf.min.js",
        "openstack_reports/static/js/jspdf.plugin.autotable.min.js",
        "openstack_reports/static/js/optimization_report.js",
        "openstack_reports/static/js/pdf_common.js",
        "openstack_reports/static/js/html2canvas.min.js",
        "openstack_reports/static/js/monthly_performance_report.js",
        "openstack_reports/static/css/monthly_performance_report.css",
        "openstack_reports/static/css/common.css",
        "openstack_reports/static/images/optimization_report.png",
        "openstack_reports/static/images/monthly_performance_report.png",
        "openstack_reports/static/images/OpenStack.png",
        "openstack_reports/urls.py",
        "openstack_reports/utils.py",
        "openstack_reports/views.py",
        "openstack_reports/__init__.py",
        "openstack_reports/templates/optimization_report.html",
        "openstack_reports/templates/monthly_performance_report.html",
        "openstack_reports/templates/_cbloader.html"
    ],
    "version": ""
}