{
    "description": null,
    "enabled": true,
    "icon": "solar-winds.jpg",
    "id": "XUI-e8d5d172",
    "label": "SolarWinds by Cloudbolt",
    "last_updated": "2022-12-27",
    "maximum_version_required": "",
    "minimum_version_required": "8.6",
    "name": "solar_winds",
    "package_contents": [
        "solar_winds/__init__.py",
        "solar_winds/solar_winds_helper.py",
        "solar_winds/urls.py",
        "solar_winds/forms.py",
        "solar_winds/solar_winds_scripts.py",
        "solar_winds/install_agent.py",
        "solar_winds/views.py",
        "solar_winds/templates/admin_page.html",
        "solar_winds/templates/server_tab.html",
        "solar_winds/templates/tab-servers.html",
        "solar_winds/templates/tab-dashboard.html"
    ],
    "version": ""
}
