{
    "description": "\nThis UI Extension gives users some basic functionality to interact with their S3 buckets.\n\n",
    "enabled": true,
    "icon": "s3_file_manager_nwypIoy_a5x6aCB_Abby.png",
    "id": "XUI-p1xaxtos",
    "label": "S3 File Manager",
    "last_updated": "2023-09-06",
    "maximum_version_required": "",
    "minimum_version_required": "8.6",
    "name": "s3_file_manager",
    "package_contents": [
        "s3_file_manager/operations.py",
        "s3_file_manager/views.py",
        "s3_file_manager/urls.py",
        "s3_file_manager/templates/s3_browser.html",
        "s3_file_manager/templates/widget.html",
        "s3_file_manager/templates/tab.html"
    ],
    "version": "1.0"
}
