{
    "any_group_can_deploy": false,
    "auto_historical_resources": false,
    "blueprint_image": null,
    "deployment_items": [
        {
            "action_name": "Create GCP Project",
            "continue_on_failure": false,
            "deploy_seq": 1,
            "description": null,
            "execute_in_parallel": false,
            "id": "BDI-7jc3g5o1",
            "name": "GCP Project",
            "run_on_scale_up": true,
            "show_on_order_form": true,
            "tier_type": "plugin"
        }
    ],
    "description": "",
    "favorited": false,
    "id": "BP-tu1bukv4",
    "is_orderable": true,
    "labels": [
        {
            "model_name": "serviceblueprint",
            "name": "GCP",
            "parent": {
                "model-name": "serviceblueprint",
                "name": "Technology Type"
            }
        }
    ],
    "last_updated": "2022-09-28",
    "management_actions": [],
    "maximum_version_required": "",
    "minimum_version_required": "8.6",
    "name": "Create GCP Project",
    "resource_name_template": "",
    "sequence": 0,
    "show_recipient_field_on_order_form": false,
    "teardown_items": []
}