{
    "any_group_can_deploy": false,
    "auto_historical_resources": false,
    "blueprint_image": "/static/uploads/blueprints/Screen_Shot_2022-05-19_at_1.45.56_AM_uENuJ0w_Z6Z58cI.png",
    "deployment_items": [
        {
            "action_name": "BYOAccount Demo (1)",
            "continue_on_failure": false,
            "deploy_seq": 1,
            "description": "",
            "execute_in_parallel": false,
            "id": "BDI-9v5prf9w",
            "name": "AWS Onboarding",
            "parameter_defaults": [
                {
                    "label": "Admin Username",
                    "name": "cb_admin_username_a153",
                    "value": "admin"
                },
                {
                    "label": "Delete On Failure",
                    "name": "delete_on_failure_a153",
                    "value": "True"
                }
            ],
            "run_on_scale_up": true,
            "show_on_order_form": true,
            "tier_type": "plugin"
        },
        {
            "action_name": "Add Remove BPs Based on Group AWS Account Parameter (1)",
            "continue_on_failure": false,
            "deploy_seq": 2,
            "description": null,
            "execute_in_parallel": false,
            "id": "BDI-adkfumpp",
            "name": "Add Remove BPs Based on Group AWS Account Parameter",
            "run_on_scale_up": true,
            "show_on_order_form": true,
            "tier_type": "plugin"
        }
    ],
    "description": "Onboarding Blueprint for Amazon Web Services",
    "favorited": false,
    "icon": "Screen_Shot_2022-05-19_at_1.45.56_AM_uENuJ0w_Z6Z58cI.png",
    "id": "BP-sfuahshd",
    "is_orderable": true,
    "labels": [],
    "last_updated": "2022-10-13",
    "management_actions": [],
    "maximum_version_required": "",
    "minimum_version_required": "9999.9999.9999",
    "name": "BYOAWS",
    "resource_name_template": null,
    "resource_type": {
        "icon": "",
        "id": "RT-5cedo8vw",
        "label": "Service",
        "lifecycle": "ACTIVE",
        "list_view_columns": [],
        "name": "service",
        "plural_label": null
    },
    "sequence": 0,
    "show_recipient_field_on_order_form": false,
    "teardown_items": []
}