{
    "action_input_default_values": [],
    "base_action_name": "Generate Windows Password on GCE",
    "dialog_message": "Sets new Windows password on this instance for the user running the action. Then retrieves the password and stores it on the local server record to enable connectivity from CloudBolt.",
    "enabled": true,
    "extra_classes": "fas fa-key",
    "icon": "new-win-logo.gif",
    "id": "SVA-mf7xdszj",
    "label": "Generate Windows Password on GCE",
    "last_updated": "2022-02-01",
    "requires_approval": false,
    "sequence": null,
    "submit_button_label": "Generate Password"
}